Workbook

Sheet Gantt
A2: AuroraCare - Carta Gantt
A4: Corte al 23/10/2026. Calendario semanal del 31/08 al 20/12/2026.
A6: Verde: avance por subtareas. Color de fase: plan pendiente. Jira / Mixto / Sprint: origen de fechas.
A7: Inicio/fin reales no verificados. Avance por conteo, no por esfuerzo. PDF: corte estático de esta versión.
A9: Clave | B9: Actividad principal | C9: Responsable | D9: Inicio plan | E9: Término plan | F9: Origen fechas | G9: Estado Jira | H9: Subtareas | I9: Terminadas | J9: Avance | K9: Días calendario | L9: Dependencias (validar) | M9: 46265 | N9: 46272 | O9: 46279 | P9: 46286 | Q9: 46293 | R9: 46300 | S9: 46307 | T9: 46314 | U9: 46321 | V9: 46328 | W9: 46335 | X9: 46342 | Y9: 46349 | Z9: 46356 | AA9: 46363 | AB9: 46370
B10: Fundamentos
A11: SCRUM-5 | B11: Instalar stack en los equipos de desarrollo | C11: Daniela | D11: =IF('Datos Jira'!G8="",'Datos Jira'!J8,'Datos Jira'!G8) -> 46265 | E11: =IF('Datos Jira'!H8="",'Datos Jira'!K8,'Datos Jira'!H8) -> 46270 | F11: Jira | G11: ='Datos Jira'!E8 -> Finalizado | H11: =COUNTIFS('Datos Jira'!$B$8:$B$234,A11) -> 3 | I11: =COUNTIFS('Datos Jira'!$B$8:$B$234,A11,'Datos Jira'!$E$8:$E$234,"Finalizado") -> 3 | J11: =IF(G11="Finalizado",1,IF(H11>0,I11/H11,IF(G11="Pendiente",0,""))) -> 1 | K11: =E11-D11+1 -> 6 | M11: =IF(AND($D11<=M$9+6,$E11>=M$9),IF(AND(ISNUMBER($J11),M$9<=$D11+($E11-$D11+1)*$J11-1),2,1),0) -> 2 | N11: =IF(AND($D11<=N$9+6,$E11>=N$9),IF(AND(ISNUMBER($J11),N$9<=$D11+($E11-$D11+1)*$J11-1),2,1),0) -> 0 | O11: =IF(AND($D11<=O$9+6,$E11>=O$9),IF(AND(ISNUMBER($J11),O$9<=$D11+($E11-$D11+1)*$J11-1),2,1),0) -> 0 | P11: =IF(AND($D11<=P$9+6,$E11>=P$9),IF(AND(ISNUMBER($J11),P$9<=$D11+($E11-$D11+1)*$J11-1),2,1),0) -> 0 | Q11: =IF(AND($D11<=Q$9+6,$E11>=Q$9),IF(AND(ISNUMBER($J11),Q$9<=$D11+($E11-$D11+1)*$J11-1),2,1),0) -> 0 | R11: =IF(AND($D11<=R$9+6,$E11>=R$9),IF(AND(ISNUMBER($J11),R$9<=$D11+($E11-$D11+1)*$J11-1),2,1),0) -> 0 | S11: =IF(AND($D11<=S$9+6,$E11>=S$9),IF(AND(ISNUMBER($J11),S$9<=$D11+($E11-$D11+1)*$J11-1),2,1),0) -> 0 | T11: =IF(AND($D11<=T$9+6,$E11>=T$9),IF(AND(ISNUMBER($J11),T$9<=$D11+($E11-$D11+1)*$J11-1),2,1),0) -> 0 | ... AB11: =IF(AND($D11<=AB$9+6,$E11>=AB$9),IF(AND(ISNUMBER($J11),AB$9<=$D11+($E11-$D11+1)*$J11-1),2,1),0) -> 0
A12: SCRUM-6 | B12: Configurar repositorio GitHub | C12: Daniela | D12: =IF('Datos Jira'!G9="",'Datos Jira'!J9,'Datos Jira'!G9) -> 46265 | E12: =IF('Datos Jira'!H9="",'Datos Jira'!K9,'Datos Jira'!H9) -> 46278 | F12: Mixto | G12: ='Datos Jira'!E9 -> Finalizado | H12: =COUNTIFS('Datos Jira'!$B$8:$B$234,A12) -> 4 | I12: =COUNTIFS('Datos Jira'!$B$8:$B$234,A12,'Datos Jira'!$E$8:$E$234,"Finalizado") -> 4 | J12: =IF(G12="Finalizado",1,IF(H12>0,I12/H12,IF(G12="Pendiente",0,""))) -> 1 | K12: =E12-D12+1 -> 14 | M12: =IF(AND($D12<=M$9+6,$E12>=M$9),IF(AND(ISNUMBER($J12),M$9<=$D12+($E12-$D12+1)*$J12-1),2,1),0) -> 2 | N12: =IF(AND($D12<=N$9+6,$E12>=N$9),IF(AND(ISNUMBER($J12),N$9<=$D12+($E12-$D12+1)*$J12-1),2,1),0) -> 2 | O12: =IF(AND($D12<=O$9+6,$E12>=O$9),IF(AND(ISNUMBER($J12),O$9<=$D12+($E12-$D12+1)*$J12-1),2,1),0) -> 0 | P12: =IF(AND($D12<=P$9+6,$E12>=P$9),IF(AND(ISNUMBER($J12),P$9<=$D12+($E12-$D12+1)*$J12-1),2,1),0) -> 0 | Q12: =IF(AND($D12<=Q$9+6,$E12>=Q$9),IF(AND(ISNUMBER($J12),Q$9<=$D12+($E12-$D12+1)*$J12-1),2,1),0) -> 0 | R12: =IF(AND($D12<=R$9+6,$E12>=R$9),IF(AND(ISNUMBER($J12),R$9<=$D12+($E12-$D12+1)*$J12-1),2,1),0) -> 0 | S12: =IF(AND($D12<=S$9+6,$E12>=S$9),IF(AND(ISNUMBER($J12),S$9<=$D12+($E12-$D12+1)*$J12-1),2,1),0) -> 0 | T12: =IF(AND($D12<=T$9+6,$E12>=T$9),IF(AND(ISNUMBER($J12),T$9<=$D12+($E12-$D12+1)*$J12-1),2,1),0) -> 0 | ... AB12: =IF(AND($D12<=AB$9+6,$E12>=AB$9),IF(AND(ISNUMBER($J12),AB$9<=$D12+($E12-$D12+1)*$J12-1),2,1),0) -> 0
A13: SCRUM-7 | B13: Crear proyecto Firebase | C13: Daniela | D13: =IF('Datos Jira'!G10="",'Datos Jira'!J10,'Datos Jira'!G10) -> 46265 | E13: =IF('Datos Jira'!H10="",'Datos Jira'!K10,'Datos Jira'!H10) -> 46278 | F13: Mixto | G13: ='Datos Jira'!E10 -> Finalizado | H13: =COUNTIFS('Datos Jira'!$B$8:$B$234,A13) -> 6 | I13: =COUNTIFS('Datos Jira'!$B$8:$B$234,A13,'Datos Jira'!$E$8:$E$234,"Finalizado") -> 6 | J13: =IF(G13="Finalizado",1,IF(H13>0,I13/H13,IF(G13="Pendiente",0,""))) -> 1 | K13: =E13-D13+1 -> 14 | M13: =IF(AND($D13<=M$9+6,$E13>=M$9),IF(AND(ISNUMBER($J13),M$9<=$D13+($E13-$D13+1)*$J13-1),2,1),0) -> 2 | N13: =IF(AND($D13<=N$9+6,$E13>=N$9),IF(AND(ISNUMBER($J13),N$9<=$D13+($E13-$D13+1)*$J13-1),2,1),0) -> 2 | O13: =IF(AND($D13<=O$9+6,$E13>=O$9),IF(AND(ISNUMBER($J13),O$9<=$D13+($E13-$D13+1)*$J13-1),2,1),0) -> 0 | P13: =IF(AND($D13<=P$9+6,$E13>=P$9),IF(AND(ISNUMBER($J13),P$9<=$D13+($E13-$D13+1)*$J13-1),2,1),0) -> 0 | Q13: =IF(AND($D13<=Q$9+6,$E13>=Q$9),IF(AND(ISNUMBER($J13),Q$9<=$D13+($E13-$D13+1)*$J13-1),2,1),0) -> 0 | R13: =IF(AND($D13<=R$9+6,$E13>=R$9),IF(AND(ISNUMBER($J13),R$9<=$D13+($E13-$D13+1)*$J13-1),2,1),0) -> 0 | S13: =IF(AND($D13<=S$9+6,$E13>=S$9),IF(AND(ISNUMBER($J13),S$9<=$D13+($E13-$D13+1)*$J13-1),2,1),0) -> 0 | T13: =IF(AND($D13<=T$9+6,$E13>=T$9),IF(AND(ISNUMBER($J13),T$9<=$D13+($E13-$D13+1)*$J13-1),2,1),0) -> 0 | ... AB13: =IF(AND($D13<=AB$9+6,$E13>=AB$9),IF(AND(ISNUMBER($J13),AB$9<=$D13+($E13-$D13+1)*$J13-1),2,1),0) -> 0
A14: SCRUM-8 | B14: Spike técnico Flutter -> FastAPI -> OpenAI | C14: Daniela | D14: =IF('Datos Jira'!G11="",'Datos Jira'!J11,'Datos Jira'!G11) -> 46267 | E14: =IF('Datos Jira'!H11="",'Datos Jira'!K11,'Datos Jira'!H11) -> 46278 | F14: Jira | G14: ='Datos Jira'!E11 -> Finalizado | H14: =COUNTIFS('Datos Jira'!$B$8:$B$234,A14) -> 6 | I14: =COUNTIFS('Datos Jira'!$B$8:$B$234,A14,'Datos Jira'!$E$8:$E$234,"Finalizado") -> 6 | J14: =IF(G14="Finalizado",1,IF(H14>0,I14/H14,IF(G14="Pendiente",0,""))) -> 1 | K14: =E14-D14+1 -> 12 | M14: =IF(AND($D14<=M$9+6,$E14>=M$9),IF(AND(ISNUMBER($J14),M$9<=$D14+($E14-$D14+1)*$J14-1),2,1),0) -> 2 | N14: =IF(AND($D14<=N$9+6,$E14>=N$9),IF(AND(ISNUMBER($J14),N$9<=$D14+($E14-$D14+1)*$J14-1),2,1),0) -> 2 | O14: =IF(AND($D14<=O$9+6,$E14>=O$9),IF(AND(ISNUMBER($J14),O$9<=$D14+($E14-$D14+1)*$J14-1),2,1),0) -> 0 | P14: =IF(AND($D14<=P$9+6,$E14>=P$9),IF(AND(ISNUMBER($J14),P$9<=$D14+($E14-$D14+1)*$J14-1),2,1),0) -> 0 | Q14: =IF(AND($D14<=Q$9+6,$E14>=Q$9),IF(AND(ISNUMBER($J14),Q$9<=$D14+($E14-$D14+1)*$J14-1),2,1),0) -> 0 | R14: =IF(AND($D14<=R$9+6,$E14>=R$9),IF(AND(ISNUMBER($J14),R$9<=$D14+($E14-$D14+1)*$J14-1),2,1),0) -> 0 | S14: =IF(AND($D14<=S$9+6,$E14>=S$9),IF(AND(ISNUMBER($J14),S$9<=$D14+($E14-$D14+1)*$J14-1),2,1),0) -> 0 | T14: =IF(AND($D14<=T$9+6,$E14>=T$9),IF(AND(ISNUMBER($J14),T$9<=$D14+($E14-$D14+1)*$J14-1),2,1),0) -> 0 | ... AB14: =IF(AND($D14<=AB$9+6,$E14>=AB$9),IF(AND(ISNUMBER($J14),AB$9<=$D14+($E14-$D14+1)*$J14-1),2,1),0) -> 0
A15: SCRUM-9 | B15: Configurar Jira | C15: Daniela | D15: =IF('Datos Jira'!G12="",'Datos Jira'!J12,'Datos Jira'!G12) -> 46265 | E15: =IF('Datos Jira'!H12="",'Datos Jira'!K12,'Datos Jira'!H12) -> 46270 | F15: Mixto | G15: ='Datos Jira'!E12 -> Finalizado | H15: =COUNTIFS('Datos Jira'!$B$8:$B$234,A15) -> 5 | I15: =COUNTIFS('Datos Jira'!$B$8:$B$234,A15,'Datos Jira'!$E$8:$E$234,"Finalizado") -> 5 | J15: =IF(G15="Finalizado",1,IF(H15>0,I15/H15,IF(G15="Pendiente",0,""))) -> 1 | K15: =E15-D15+1 -> 6 | M15: =IF(AND($D15<=M$9+6,$E15>=M$9),IF(AND(ISNUMBER($J15),M$9<=$D15+($E15-$D15+1)*$J15-1),2,1),0) -> 2 | N15: =IF(AND($D15<=N$9+6,$E15>=N$9),IF(AND(ISNUMBER($J15),N$9<=$D15+($E15-$D15+1)*$J15-1),2,1),0) -> 0 | O15: =IF(AND($D15<=O$9+6,$E15>=O$9),IF(AND(ISNUMBER($J15),O$9<=$D15+($E15-$D15+1)*$J15-1),2,1),0) -> 0 | P15: =IF(AND($D15<=P$9+6,$E15>=P$9),IF(AND(ISNUMBER($J15),P$9<=$D15+($E15-$D15+1)*$J15-1),2,1),0) -> 0 | Q15: =IF(AND($D15<=Q$9+6,$E15>=Q$9),IF(AND(ISNUMBER($J15),Q$9<=$D15+($E15-$D15+1)*$J15-1),2,1),0) -> 0 | R15: =IF(AND($D15<=R$9+6,$E15>=R$9),IF(AND(ISNUMBER($J15),R$9<=$D15+($E15-$D15+1)*$J15-1),2,1),0) -> 0 | S15: =IF(AND($D15<=S$9+6,$E15>=S$9),IF(AND(ISNUMBER($J15),S$9<=$D15+($E15-$D15+1)*$J15-1),2,1),0) -> 0 | T15: =IF(AND($D15<=T$9+6,$E15>=T$9),IF(AND(ISNUMBER($J15),T$9<=$D15+($E15-$D15+1)*$J15-1),2,1),0) -> 0 | ... AB15: =IF(AND($D15<=AB$9+6,$E15>=AB$9),IF(AND(ISNUMBER($J15),AB$9<=$D15+($E15-$D15+1)*$J15-1),2,1),0) -> 0
A16: SCRUM-10 | B16: Reunión de kickoff del equipo | C16: Daniela | D16: =IF('Datos Jira'!G13="",'Datos Jira'!J13,'Datos Jira'!G13) -> 46265 | E16: =IF('Datos Jira'!H13="",'Datos Jira'!K13,'Datos Jira'!H13) -> 46275 | F16: Mixto | G16: ='Datos Jira'!E13 -> Finalizado | H16: =COUNTIFS('Datos Jira'!$B$8:$B$234,A16) -> 6 | I16: =COUNTIFS('Datos Jira'!$B$8:$B$234,A16,'Datos Jira'!$E$8:$E$234,"Finalizado") -> 6 | J16: =IF(G16="Finalizado",1,IF(H16>0,I16/H16,IF(G16="Pendiente",0,""))) -> 1 | K16: =E16-D16+1 -> 11 | M16: =IF(AND($D16<=M$9+6,$E16>=M$9),IF(AND(ISNUMBER($J16),M$9<=$D16+($E16-$D16+1)*$J16-1),2,1),0) -> 2 | N16: =IF(AND($D16<=N$9+6,$E16>=N$9),IF(AND(ISNUMBER($J16),N$9<=$D16+($E16-$D16+1)*$J16-1),2,1),0) -> 2 | O16: =IF(AND($D16<=O$9+6,$E16>=O$9),IF(AND(ISNUMBER($J16),O$9<=$D16+($E16-$D16+1)*$J16-1),2,1),0) -> 0 | P16: =IF(AND($D16<=P$9+6,$E16>=P$9),IF(AND(ISNUMBER($J16),P$9<=$D16+($E16-$D16+1)*$J16-1),2,1),0) -> 0 | Q16: =IF(AND($D16<=Q$9+6,$E16>=Q$9),IF(AND(ISNUMBER($J16),Q$9<=$D16+($E16-$D16+1)*$J16-1),2,1),0) -> 0 | R16: =IF(AND($D16<=R$9+6,$E16>=R$9),IF(AND(ISNUMBER($J16),R$9<=$D16+($E16-$D16+1)*$J16-1),2,1),0) -> 0 | S16: =IF(AND($D16<=S$9+6,$E16>=S$9),IF(AND(ISNUMBER($J16),S$9<=$D16+($E16-$D16+1)*$J16-1),2,1),0) -> 0 | T16: =IF(AND($D16<=T$9+6,$E16>=T$9),IF(AND(ISNUMBER($J16),T$9<=$D16+($E16-$D16+1)*$J16-1),2,1),0) -> 0 | ... AB16: =IF(AND($D16<=AB$9+6,$E16>=AB$9),IF(AND(ISNUMBER($J16),AB$9<=$D16+($E16-$D16+1)*$J16-1),2,1),0) -> 0
B17: Arquitectura y autenticación
A18: SCRUM-14 | B18: Estructura de capas Flutter | C18: Daniela | D18: =IF('Datos Jira'!G17="",'Datos Jira'!J17,'Datos Jira'!G17) -> 46273 | E18: =IF('Datos Jira'!H17="",'Datos Jira'!K17,'Datos Jira'!H17) -> 46287 | F18: Mixto | G18: ='Datos Jira'!E17 -> Finalizado | H18: =COUNTIFS('Datos Jira'!$B$8:$B$234,A18) -> 8 | I18: =COUNTIFS('Datos Jira'!$B$8:$B$234,A18,'Datos Jira'!$E$8:$E$234,"Finalizado") -> 8 | J18: =IF(G18="Finalizado",1,IF(H18>0,I18/H18,IF(G18="Pendiente",0,""))) -> 1 | K18: =E18-D18+1 -> 15 | M18: =IF(AND($D18<=M$9+6,$E18>=M$9),IF(AND(ISNUMBER($J18),M$9<=$D18+($E18-$D18+1)*$J18-1),2,1),0) -> 0 | N18: =IF(AND($D18<=N$9+6,$E18>=N$9),IF(AND(ISNUMBER($J18),N$9<=$D18+($E18-$D18+1)*$J18-1),2,1),0) -> 2 | O18: =IF(AND($D18<=O$9+6,$E18>=O$9),IF(AND(ISNUMBER($J18),O$9<=$D18+($E18-$D18+1)*$J18-1),2,1),0) -> 2 | P18: =IF(AND($D18<=P$9+6,$E18>=P$9),IF(AND(ISNUMBER($J18),P$9<=$D18+($E18-$D18+1)*$J18-1),2,1),0) -> 2 | Q18: =IF(AND($D18<=Q$9+6,$E18>=Q$9),IF(AND(ISNUMBER($J18),Q$9<=$D18+($E18-$D18+1)*$J18-1),2,1),0) -> 0 | R18: =IF(AND($D18<=R$9+6,$E18>=R$9),IF(AND(ISNUMBER($J18),R$9<=$D18+($E18-$D18+1)*$J18-1),2,1),0) -> 0 | S18: =IF(AND($D18<=S$9+6,$E18>=S$9),IF(AND(ISNUMBER($J18),S$9<=$D18+($E18-$D18+1)*$J18-1),2,1),0) -> 0 | T18: =IF(AND($D18<=T$9+6,$E18>=T$9),IF(AND(ISNUMBER($J18),T$9<=$D18+($E18-$D18+1)*$J18-1),2,1),0) -> 0 | ... AB18: =IF(AND($D18<=AB$9+6,$E18>=AB$9),IF(AND(ISNUMBER($J18),AB$9<=$D18+($E18-$D18+1)*$J18-1),2,1),0) -> 0
A19: SCRUM-15 | B19: Tema visual AuroraCare | C19: Benjamín | D19: =IF('Datos Jira'!G18="",'Datos Jira'!J18,'Datos Jira'!G18) -> 46273 | E19: =IF('Datos Jira'!H18="",'Datos Jira'!K18,'Datos Jira'!H18) -> 46287 | F19: Mixto | G19: ='Datos Jira'!E18 -> Finalizado | H19: =COUNTIFS('Datos Jira'!$B$8:$B$234,A19) -> 0 | I19: =COUNTIFS('Datos Jira'!$B$8:$B$234,A19,'Datos Jira'!$E$8:$E$234,"Finalizado") -> 0 | J19: =IF(G19="Finalizado",1,IF(H19>0,I19/H19,IF(G19="Pendiente",0,""))) -> 1 | K19: =E19-D19+1 -> 15 | M19: =IF(AND($D19<=M$9+6,$E19>=M$9),IF(AND(ISNUMBER($J19),M$9<=$D19+($E19-$D19+1)*$J19-1),2,1),0) -> 0 | N19: =IF(AND($D19<=N$9+6,$E19>=N$9),IF(AND(ISNUMBER($J19),N$9<=$D19+($E19-$D19+1)*$J19-1),2,1),0) -> 2 | O19: =IF(AND($D19<=O$9+6,$E19>=O$9),IF(AND(ISNUMBER($J19),O$9<=$D19+($E19-$D19+1)*$J19-1),2,1),0) -> 2 | P19: =IF(AND($D19<=P$9+6,$E19>=P$9),IF(AND(ISNUMBER($J19),P$9<=$D19+($E19-$D19+1)*$J19-1),2,1),0) -> 2 | Q19: =IF(AND($D19<=Q$9+6,$E19>=Q$9),IF(AND(ISNUMBER($J19),Q$9<=$D19+($E19-$D19+1)*$J19-1),2,1),0) -> 0 | R19: =IF(AND($D19<=R$9+6,$E19>=R$9),IF(AND(ISNUMBER($J19),R$9<=$D19+($E19-$D19+1)*$J19-1),2,1),0) -> 0 | S19: =IF(AND($D19<=S$9+6,$E19>=S$9),IF(AND(ISNUMBER($J19),S$9<=$D19+($E19-$D19+1)*$J19-1),2,1),0) -> 0 | T19: =IF(AND($D19<=T$9+6,$E19>=T$9),IF(AND(ISNUMBER($J19),T$9<=$D19+($E19-$D19+1)*$J19-1),2,1),0) -> 0 | ... AB19: =IF(AND($D19<=AB$9+6,$E19>=AB$9),IF(AND(ISNUMBER($J19),AB$9<=$D19+($E19-$D19+1)*$J19-1),2,1),0) -> 0
A20: SCRUM-16 | B20: Pantalla de Bienvenida y Login | C20: Benjamín | D20: =IF('Datos Jira'!G19="",'Datos Jira'!J19,'Datos Jira'!G19) -> 46273 | E20: =IF('Datos Jira'!H19="",'Datos Jira'!K19,'Datos Jira'!H19) -> 46291 | F20: Mixto | G20: ='Datos Jira'!E19 -> Finalizado | H20: =COUNTIFS('Datos Jira'!$B$8:$B$234,A20) -> 4 | I20: =COUNTIFS('Datos Jira'!$B$8:$B$234,A20,'Datos Jira'!$E$8:$E$234,"Finalizado") -> 4 | J20: =IF(G20="Finalizado",1,IF(H20>0,I20/H20,IF(G20="Pendiente",0,""))) -> 1 | K20: =E20-D20+1 -> 19 | M20: =IF(AND($D20<=M$9+6,$E20>=M$9),IF(AND(ISNUMBER($J20),M$9<=$D20+($E20-$D20+1)*$J20-1),2,1),0) -> 0 | N20: =IF(AND($D20<=N$9+6,$E20>=N$9),IF(AND(ISNUMBER($J20),N$9<=$D20+($E20-$D20+1)*$J20-1),2,1),0) -> 2 | O20: =IF(AND($D20<=O$9+6,$E20>=O$9),IF(AND(ISNUMBER($J20),O$9<=$D20+($E20-$D20+1)*$J20-1),2,1),0) -> 2 | P20: =IF(AND($D20<=P$9+6,$E20>=P$9),IF(AND(ISNUMBER($J20),P$9<=$D20+($E20-$D20+1)*$J20-1),2,1),0) -> 2 | Q20: =IF(AND($D20<=Q$9+6,$E20>=Q$9),IF(AND(ISNUMBER($J20),Q$9<=$D20+($E20-$D20+1)*$J20-1),2,1),0) -> 0 | R20: =IF(AND($D20<=R$9+6,$E20>=R$9),IF(AND(ISNUMBER($J20),R$9<=$D20+($E20-$D20+1)*$J20-1),2,1),0) -> 0 | S20: =IF(AND($D20<=S$9+6,$E20>=S$9),IF(AND(ISNUMBER($J20),S$9<=$D20+($E20-$D20+1)*$J20-1),2,1),0) -> 0 | T20: =IF(AND($D20<=T$9+6,$E20>=T$9),IF(AND(ISNUMBER($J20),T$9<=$D20+($E20-$D20+1)*$J20-1),2,1),0) -> 0 | ... AB20: =IF(AND($D20<=AB$9+6,$E20>=AB$9),IF(AND(ISNUMBER($J20),AB$9<=$D20+($E20-$D20+1)*$J20-1),2,1),0) -> 0
A21: SCRUM-17 | B21: Disclaimer médico en onboarding | C21: Benjamín | D21: =IF('Datos Jira'!G20="",'Datos Jira'!J20,'Datos Jira'!G20) -> 46273 | E21: =IF('Datos Jira'!H20="",'Datos Jira'!K20,'Datos Jira'!H20) -> 46291 | F21: Mixto | G21: ='Datos Jira'!E20 -> Finalizado | H21: =COUNTIFS('Datos Jira'!$B$8:$B$234,A21) -> 4 | I21: =COUNTIFS('Datos Jira'!$B$8:$B$234,A21,'Datos Jira'!$E$8:$E$234,"Finalizado") -> 4 | J21: =IF(G21="Finalizado",1,IF(H21>0,I21/H21,IF(G21="Pendiente",0,""))) -> 1 | K21: =E21-D21+1 -> 19 | M21: =IF(AND($D21<=M$9+6,$E21>=M$9),IF(AND(ISNUMBER($J21),M$9<=$D21+($E21-$D21+1)*$J21-1),2,1),0) -> 0 | N21: =IF(AND($D21<=N$9+6,$E21>=N$9),IF(AND(ISNUMBER($J21),N$9<=$D21+($E21-$D21+1)*$J21-1),2,1),0) -> 2 | O21: =IF(AND($D21<=O$9+6,$E21>=O$9),IF(AND(ISNUMBER($J21),O$9<=$D21+($E21-$D21+1)*$J21-1),2,1),0) -> 2 | P21: =IF(AND($D21<=P$9+6,$E21>=P$9),IF(AND(ISNUMBER($J21),P$9<=$D21+($E21-$D21+1)*$J21-1),2,1),0) -> 2 | Q21: =IF(AND($D21<=Q$9+6,$E21>=Q$9),IF(AND(ISNUMBER($J21),Q$9<=$D21+($E21-$D21+1)*$J21-1),2,1),0) -> 0 | R21: =IF(AND($D21<=R$9+6,$E21>=R$9),IF(AND(ISNUMBER($J21),R$9<=$D21+($E21-$D21+1)*$J21-1),2,1),0) -> 0 | S21: =IF(AND($D21<=S$9+6,$E21>=S$9),IF(AND(ISNUMBER($J21),S$9<=$D21+($E21-$D21+1)*$J21-1),2,1),0) -> 0 | T21: =IF(AND($D21<=T$9+6,$E21>=T$9),IF(AND(ISNUMBER($J21),T$9<=$D21+($E21-$D21+1)*$J21-1),2,1),0) -> 0 | ... AB21: =IF(AND($D21<=AB$9+6,$E21>=AB$9),IF(AND(ISNUMBER($J21),AB$9<=$D21+($E21-$D21+1)*$J21-1),2,1),0) -> 0
A22: SCRUM-18 | B22: Selección de modo de uso | C22: Benjamín | D22: =IF('Datos Jira'!G21="",'Datos Jira'!J21,'Datos Jira'!G21) -> 46273 | E22: =IF('Datos Jira'!H21="",'Datos Jira'!K21,'Datos Jira'!H21) -> 46295 | F22: Mixto | G22: ='Datos Jira'!E21 -> Finalizado | H22: =COUNTIFS('Datos Jira'!$B$8:$B$234,A22) -> 5 | I22: =COUNTIFS('Datos Jira'!$B$8:$B$234,A22,'Datos Jira'!$E$8:$E$234,"Finalizado") -> 5 | J22: =IF(G22="Finalizado",1,IF(H22>0,I22/H22,IF(G22="Pendiente",0,""))) -> 1 | K22: =E22-D22+1 -> 23 | M22: =IF(AND($D22<=M$9+6,$E22>=M$9),IF(AND(ISNUMBER($J22),M$9<=$D22+($E22-$D22+1)*$J22-1),2,1),0) -> 0 | N22: =IF(AND($D22<=N$9+6,$E22>=N$9),IF(AND(ISNUMBER($J22),N$9<=$D22+($E22-$D22+1)*$J22-1),2,1),0) -> 2 | O22: =IF(AND($D22<=O$9+6,$E22>=O$9),IF(AND(ISNUMBER($J22),O$9<=$D22+($E22-$D22+1)*$J22-1),2,1),0) -> 2 | P22: =IF(AND($D22<=P$9+6,$E22>=P$9),IF(AND(ISNUMBER($J22),P$9<=$D22+($E22-$D22+1)*$J22-1),2,1),0) -> 2 | Q22: =IF(AND($D22<=Q$9+6,$E22>=Q$9),IF(AND(ISNUMBER($J22),Q$9<=$D22+($E22-$D22+1)*$J22-1),2,1),0) -> 2 | R22: =IF(AND($D22<=R$9+6,$E22>=R$9),IF(AND(ISNUMBER($J22),R$9<=$D22+($E22-$D22+1)*$J22-1),2,1),0) -> 0 | S22: =IF(AND($D22<=S$9+6,$E22>=S$9),IF(AND(ISNUMBER($J22),S$9<=$D22+($E22-$D22+1)*$J22-1),2,1),0) -> 0 | T22: =IF(AND($D22<=T$9+6,$E22>=T$9),IF(AND(ISNUMBER($J22),T$9<=$D22+($E22-$D22+1)*$J22-1),2,1),0) -> 0 | ... AB22: =IF(AND($D22<=AB$9+6,$E22>=AB$9),IF(AND(ISNUMBER($J22),AB$9<=$D22+($E22-$D22+1)*$J22-1),2,1),0) -> 0
A23: SCRUM-19 | B23: Generación UUID anónimo | C23: Daniela | D23: =IF('Datos Jira'!G22="",'Datos Jira'!J22,'Datos Jira'!G22) -> 46273 | E23: =IF('Datos Jira'!H22="",'Datos Jira'!K22,'Datos Jira'!H22) -> 46293 | F23: Mixto | G23: ='Datos Jira'!E22 -> Finalizado | H23: =COUNTIFS('Datos Jira'!$B$8:$B$234,A23) -> 4 | I23: =COUNTIFS('Datos Jira'!$B$8:$B$234,A23,'Datos Jira'!$E$8:$E$234,"Finalizado") -> 4 | J23: =IF(G23="Finalizado",1,IF(H23>0,I23/H23,IF(G23="Pendiente",0,""))) -> 1 | K23: =E23-D23+1 -> 21 | M23: =IF(AND($D23<=M$9+6,$E23>=M$9),IF(AND(ISNUMBER($J23),M$9<=$D23+($E23-$D23+1)*$J23-1),2,1),0) -> 0 | N23: =IF(AND($D23<=N$9+6,$E23>=N$9),IF(AND(ISNUMBER($J23),N$9<=$D23+($E23-$D23+1)*$J23-1),2,1),0) -> 2 | O23: =IF(AND($D23<=O$9+6,$E23>=O$9),IF(AND(ISNUMBER($J23),O$9<=$D23+($E23-$D23+1)*$J23-1),2,1),0) -> 2 | P23: =IF(AND($D23<=P$9+6,$E23>=P$9),IF(AND(ISNUMBER($J23),P$9<=$D23+($E23-$D23+1)*$J23-1),2,1),0) -> 2 | Q23: =IF(AND($D23<=Q$9+6,$E23>=Q$9),IF(AND(ISNUMBER($J23),Q$9<=$D23+($E23-$D23+1)*$J23-1),2,1),0) -> 2 | R23: =IF(AND($D23<=R$9+6,$E23>=R$9),IF(AND(ISNUMBER($J23),R$9<=$D23+($E23-$D23+1)*$J23-1),2,1),0) -> 0 | S23: =IF(AND($D23<=S$9+6,$E23>=S$9),IF(AND(ISNUMBER($J23),S$9<=$D23+($E23-$D23+1)*$J23-1),2,1),0) -> 0 | T23: =IF(AND($D23<=T$9+6,$E23>=T$9),IF(AND(ISNUMBER($J23),T$9<=$D23+($E23-$D23+1)*$J23-1),2,1),0) -> 0 | ... AB23: =IF(AND($D23<=AB$9+6,$E23>=AB$9),IF(AND(ISNUMBER($J23),AB$9<=$D23+($E23-$D23+1)*$J23-1),2,1),0) -> 0
A24: SCRUM-20 | B24: Prototipo Figma – Flujos Completos 9 - 12 | C24: Daniela | D24: =IF('Datos Jira'!G23="",'Datos Jira'!J23,'Datos Jira'!G23) -> 46273 | E24: =IF('Datos Jira'!H23="",'Datos Jira'!K23,'Datos Jira'!H23) -> 46299 | F24: Mixto | G24: ='Datos Jira'!E23 -> Finalizado | H24: =COUNTIFS('Datos Jira'!$B$8:$B$234,A24) -> 8 | I24: =COUNTIFS('Datos Jira'!$B$8:$B$234,A24,'Datos Jira'!$E$8:$E$234,"Finalizado") -> 8 | J24: =IF(G24="Finalizado",1,IF(H24>0,I24/H24,IF(G24="Pendiente",0,""))) -> 1 | K24: =E24-D24+1 -> 27 | M24: =IF(AND($D24<=M$9+6,$E24>=M$9),IF(AND(ISNUMBER($J24),M$9<=$D24+($E24-$D24+1)*$J24-1),2,1),0) -> 0 | N24: =IF(AND($D24<=N$9+6,$E24>=N$9),IF(AND(ISNUMBER($J24),N$9<=$D24+($E24-$D24+1)*$J24-1),2,1),0) -> 2 | O24: =IF(AND($D24<=O$9+6,$E24>=O$9),IF(AND(ISNUMBER($J24),O$9<=$D24+($E24-$D24+1)*$J24-1),2,1),0) -> 2 | P24: =IF(AND($D24<=P$9+6,$E24>=P$9),IF(AND(ISNUMBER($J24),P$9<=$D24+($E24-$D24+1)*$J24-1),2,1),0) -> 2 | Q24: =IF(AND($D24<=Q$9+6,$E24>=Q$9),IF(AND(ISNUMBER($J24),Q$9<=$D24+($E24-$D24+1)*$J24-1),2,1),0) -> 2 | R24: =IF(AND($D24<=R$9+6,$E24>=R$9),IF(AND(ISNUMBER($J24),R$9<=$D24+($E24-$D24+1)*$J24-1),2,1),0) -> 0 | S24: =IF(AND($D24<=S$9+6,$E24>=S$9),IF(AND(ISNUMBER($J24),S$9<=$D24+($E24-$D24+1)*$J24-1),2,1),0) -> 0 | T24: =IF(AND($D24<=T$9+6,$E24>=T$9),IF(AND(ISNUMBER($J24),T$9<=$D24+($E24-$D24+1)*$J24-1),2,1),0) -> 0 | ... AB24: =IF(AND($D24<=AB$9+6,$E24>=AB$9),IF(AND(ISNUMBER($J24),AB$9<=$D24+($E24-$D24+1)*$J24-1),2,1),0) -> 0
A25: SCRUM-85 | B25: Registro de Cuidador | C25: Eduardo | D25: =IF('Datos Jira'!G87="",'Datos Jira'!J87,'Datos Jira'!G87) -> 46273 | E25: =IF('Datos Jira'!H87="",'Datos Jira'!K87,'Datos Jira'!H87) -> 46295 | F25: Mixto | G25: ='Datos Jira'!E87 -> Finalizado | H25: =COUNTIFS('Datos Jira'!$B$8:$B$234,A25) -> 6 | I25: =COUNTIFS('Datos Jira'!$B$8:$B$234,A25,'Datos Jira'!$E$8:$E$234,"Finalizado") -> 6 | J25: =IF(G25="Finalizado",1,IF(H25>0,I25/H25,IF(G25="Pendiente",0,""))) -> 1 | K25: =E25-D25+1 -> 23 | M25: =IF(AND($D25<=M$9+6,$E25>=M$9),IF(AND(ISNUMBER($J25),M$9<=$D25+($E25-$D25+1)*$J25-1),2,1),0) -> 0 | N25: =IF(AND($D25<=N$9+6,$E25>=N$9),IF(AND(ISNUMBER($J25),N$9<=$D25+($E25-$D25+1)*$J25-1),2,1),0) -> 2 | O25: =IF(AND($D25<=O$9+6,$E25>=O$9),IF(AND(ISNUMBER($J25),O$9<=$D25+($E25-$D25+1)*$J25-1),2,1),0) -> 2 | P25: =IF(AND($D25<=P$9+6,$E25>=P$9),IF(AND(ISNUMBER($J25),P$9<=$D25+($E25-$D25+1)*$J25-1),2,1),0) -> 2 | Q25: =IF(AND($D25<=Q$9+6,$E25>=Q$9),IF(AND(ISNUMBER($J25),Q$9<=$D25+($E25-$D25+1)*$J25-1),2,1),0) -> 2 | R25: =IF(AND($D25<=R$9+6,$E25>=R$9),IF(AND(ISNUMBER($J25),R$9<=$D25+($E25-$D25+1)*$J25-1),2,1),0) -> 0 | S25: =IF(AND($D25<=S$9+6,$E25>=S$9),IF(AND(ISNUMBER($J25),S$9<=$D25+($E25-$D25+1)*$J25-1),2,1),0) -> 0 | T25: =IF(AND($D25<=T$9+6,$E25>=T$9),IF(AND(ISNUMBER($J25),T$9<=$D25+($E25-$D25+1)*$J25-1),2,1),0) -> 0 | ... AB25: =IF(AND($D25<=AB$9+6,$E25>=AB$9),IF(AND(ISNUMBER($J25),AB$9<=$D25+($E25-$D25+1)*$J25-1),2,1),0) -> 0
A26: SCRUM-124 | B26: Desbloqueo de Tareas de Programación | C26: Daniela | D26: =IF('Datos Jira'!G119="",'Datos Jira'!J119,'Datos Jira'!G119) -> 46273 | E26: =IF('Datos Jira'!H119="",'Datos Jira'!K119,'Datos Jira'!H119) -> 46299 | F26: Mixto | G26: ='Datos Jira'!E119 -> Finalizado | H26: =COUNTIFS('Datos Jira'!$B$8:$B$234,A26) -> 4 | I26: =COUNTIFS('Datos Jira'!$B$8:$B$234,A26,'Datos Jira'!$E$8:$E$234,"Finalizado") -> 4 | J26: =IF(G26="Finalizado",1,IF(H26>0,I26/H26,IF(G26="Pendiente",0,""))) -> 1 | K26: =E26-D26+1 -> 27 | M26: =IF(AND($D26<=M$9+6,$E26>=M$9),IF(AND(ISNUMBER($J26),M$9<=$D26+($E26-$D26+1)*$J26-1),2,1),0) -> 0 | N26: =IF(AND($D26<=N$9+6,$E26>=N$9),IF(AND(ISNUMBER($J26),N$9<=$D26+($E26-$D26+1)*$J26-1),2,1),0) -> 2 | O26: =IF(AND($D26<=O$9+6,$E26>=O$9),IF(AND(ISNUMBER($J26),O$9<=$D26+($E26-$D26+1)*$J26-1),2,1),0) -> 2 | P26: =IF(AND($D26<=P$9+6,$E26>=P$9),IF(AND(ISNUMBER($J26),P$9<=$D26+($E26-$D26+1)*$J26-1),2,1),0) -> 2 | Q26: =IF(AND($D26<=Q$9+6,$E26>=Q$9),IF(AND(ISNUMBER($J26),Q$9<=$D26+($E26-$D26+1)*$J26-1),2,1),0) -> 2 | R26: =IF(AND($D26<=R$9+6,$E26>=R$9),IF(AND(ISNUMBER($J26),R$9<=$D26+($E26-$D26+1)*$J26-1),2,1),0) -> 0 | S26: =IF(AND($D26<=S$9+6,$E26>=S$9),IF(AND(ISNUMBER($J26),S$9<=$D26+($E26-$D26+1)*$J26-1),2,1),0) -> 0 | T26: =IF(AND($D26<=T$9+6,$E26>=T$9),IF(AND(ISNUMBER($J26),T$9<=$D26+($E26-$D26+1)*$J26-1),2,1),0) -> 0 | ... AB26: =IF(AND($D26<=AB$9+6,$E26>=AB$9),IF(AND(ISNUMBER($J26),AB$9<=$D26+($E26-$D26+1)*$J26-1),2,1),0) -> 0
A27: SCRUM-129 | B27: Prototipo Figma - Flujos Completos 1-4 | C27: Benjamín | D27: =IF('Datos Jira'!G124="",'Datos Jira'!J124,'Datos Jira'!G124) -> 46273 | E27: =IF('Datos Jira'!H124="",'Datos Jira'!K124,'Datos Jira'!H124) -> 46301 | F27: Mixto | G27: ='Datos Jira'!E124 -> Finalizado | H27: =COUNTIFS('Datos Jira'!$B$8:$B$234,A27) -> 8 | I27: =COUNTIFS('Datos Jira'!$B$8:$B$234,A27,'Datos Jira'!$E$8:$E$234,"Finalizado") -> 8 | J27: =IF(G27="Finalizado",1,IF(H27>0,I27/H27,IF(G27="Pendiente",0,""))) -> 1 | K27: =E27-D27+1 -> 29 | M27: =IF(AND($D27<=M$9+6,$E27>=M$9),IF(AND(ISNUMBER($J27),M$9<=$D27+($E27-$D27+1)*$J27-1),2,1),0) -> 0 | N27: =IF(AND($D27<=N$9+6,$E27>=N$9),IF(AND(ISNUMBER($J27),N$9<=$D27+($E27-$D27+1)*$J27-1),2,1),0) -> 2 | O27: =IF(AND($D27<=O$9+6,$E27>=O$9),IF(AND(ISNUMBER($J27),O$9<=$D27+($E27-$D27+1)*$J27-1),2,1),0) -> 2 | P27: =IF(AND($D27<=P$9+6,$E27>=P$9),IF(AND(ISNUMBER($J27),P$9<=$D27+($E27-$D27+1)*$J27-1),2,1),0) -> 2 | Q27: =IF(AND($D27<=Q$9+6,$E27>=Q$9),IF(AND(ISNUMBER($J27),Q$9<=$D27+($E27-$D27+1)*$J27-1),2,1),0) -> 2 | R27: =IF(AND($D27<=R$9+6,$E27>=R$9),IF(AND(ISNUMBER($J27),R$9<=$D27+($E27-$D27+1)*$J27-1),2,1),0) -> 2 | S27: =IF(AND($D27<=S$9+6,$E27>=S$9),IF(AND(ISNUMBER($J27),S$9<=$D27+($E27-$D27+1)*$J27-1),2,1),0) -> 0 | T27: =IF(AND($D27<=T$9+6,$E27>=T$9),IF(AND(ISNUMBER($J27),T$9<=$D27+($E27-$D27+1)*$J27-1),2,1),0) -> 0 | ... AB27: =IF(AND($D27<=AB$9+6,$E27>=AB$9),IF(AND(ISNUMBER($J27),AB$9<=$D27+($E27-$D27+1)*$J27-1),2,1),0) -> 0
A28: SCRUM-130 | B28: Prototipo Figma - Flujos Completos 5 - 8 | C28: Eduardo | D28: =IF('Datos Jira'!G125="",'Datos Jira'!J125,'Datos Jira'!G125) -> 46273 | E28: =IF('Datos Jira'!H125="",'Datos Jira'!K125,'Datos Jira'!H125) -> 46301 | F28: Mixto | G28: ='Datos Jira'!E125 -> Finalizado | H28: =COUNTIFS('Datos Jira'!$B$8:$B$234,A28) -> 6 | I28: =COUNTIFS('Datos Jira'!$B$8:$B$234,A28,'Datos Jira'!$E$8:$E$234,"Finalizado") -> 6 | J28: =IF(G28="Finalizado",1,IF(H28>0,I28/H28,IF(G28="Pendiente",0,""))) -> 1 | K28: =E28-D28+1 -> 29 | M28: =IF(AND($D28<=M$9+6,$E28>=M$9),IF(AND(ISNUMBER($J28),M$9<=$D28+($E28-$D28+1)*$J28-1),2,1),0) -> 0 | N28: =IF(AND($D28<=N$9+6,$E28>=N$9),IF(AND(ISNUMBER($J28),N$9<=$D28+($E28-$D28+1)*$J28-1),2,1),0) -> 2 | O28: =IF(AND($D28<=O$9+6,$E28>=O$9),IF(AND(ISNUMBER($J28),O$9<=$D28+($E28-$D28+1)*$J28-1),2,1),0) -> 2 | P28: =IF(AND($D28<=P$9+6,$E28>=P$9),IF(AND(ISNUMBER($J28),P$9<=$D28+($E28-$D28+1)*$J28-1),2,1),0) -> 2 | Q28: =IF(AND($D28<=Q$9+6,$E28>=Q$9),IF(AND(ISNUMBER($J28),Q$9<=$D28+($E28-$D28+1)*$J28-1),2,1),0) -> 2 | R28: =IF(AND($D28<=R$9+6,$E28>=R$9),IF(AND(ISNUMBER($J28),R$9<=$D28+($E28-$D28+1)*$J28-1),2,1),0) -> 2 | S28: =IF(AND($D28<=S$9+6,$E28>=S$9),IF(AND(ISNUMBER($J28),S$9<=$D28+($E28-$D28+1)*$J28-1),2,1),0) -> 0 | T28: =IF(AND($D28<=T$9+6,$E28>=T$9),IF(AND(ISNUMBER($J28),T$9<=$D28+($E28-$D28+1)*$J28-1),2,1),0) -> 0 | ... AB28: =IF(AND($D28<=AB$9+6,$E28>=AB$9),IF(AND(ISNUMBER($J28),AB$9<=$D28+($E28-$D28+1)*$J28-1),2,1),0) -> 0
A29: SCRUM-139 | B29: Paso a Producción – Merge Develop -> Main | C29: Daniela | D29: =IF('Datos Jira'!G134="",'Datos Jira'!J134,'Datos Jira'!G134) -> 46273 | E29: =IF('Datos Jira'!H134="",'Datos Jira'!K134,'Datos Jira'!H134) -> 46301 | F29: Sprint | G29: ='Datos Jira'!E134 -> Finalizado | H29: =COUNTIFS('Datos Jira'!$B$8:$B$234,A29) -> 0 | I29: =COUNTIFS('Datos Jira'!$B$8:$B$234,A29,'Datos Jira'!$E$8:$E$234,"Finalizado") -> 0 | J29: =IF(G29="Finalizado",1,IF(H29>0,I29/H29,IF(G29="Pendiente",0,""))) -> 1 | K29: =E29-D29+1 -> 29 | M29: =IF(AND($D29<=M$9+6,$E29>=M$9),IF(AND(ISNUMBER($J29),M$9<=$D29+($E29-$D29+1)*$J29-1),2,1),0) -> 0 | N29: =IF(AND($D29<=N$9+6,$E29>=N$9),IF(AND(ISNUMBER($J29),N$9<=$D29+($E29-$D29+1)*$J29-1),2,1),0) -> 2 | O29: =IF(AND($D29<=O$9+6,$E29>=O$9),IF(AND(ISNUMBER($J29),O$9<=$D29+($E29-$D29+1)*$J29-1),2,1),0) -> 2 | P29: =IF(AND($D29<=P$9+6,$E29>=P$9),IF(AND(ISNUMBER($J29),P$9<=$D29+($E29-$D29+1)*$J29-1),2,1),0) -> 2 | Q29: =IF(AND($D29<=Q$9+6,$E29>=Q$9),IF(AND(ISNUMBER($J29),Q$9<=$D29+($E29-$D29+1)*$J29-1),2,1),0) -> 2 | R29: =IF(AND($D29<=R$9+6,$E29>=R$9),IF(AND(ISNUMBER($J29),R$9<=$D29+($E29-$D29+1)*$J29-1),2,1),0) -> 2 | S29: =IF(AND($D29<=S$9+6,$E29>=S$9),IF(AND(ISNUMBER($J29),S$9<=$D29+($E29-$D29+1)*$J29-1),2,1),0) -> 0 | T29: =IF(AND($D29<=T$9+6,$E29>=T$9),IF(AND(ISNUMBER($J29),T$9<=$D29+($E29-$D29+1)*$J29-1),2,1),0) -> 0 | ... AB29: =IF(AND($D29<=AB$9+6,$E29>=AB$9),IF(AND(ISNUMBER($J29),AB$9<=$D29+($E29-$D29+1)*$J29-1),2,1),0) -> 0
B30: Juegos y métricas
A31: SCRUM-21 | B31: Juegos (Memoria) | C31: Benjamín | D31: =IF('Datos Jira'!G24="",'Datos Jira'!J24,'Datos Jira'!G24) -> 46307 | E31: =IF('Datos Jira'!H24="",'Datos Jira'!K24,'Datos Jira'!H24) -> 46318 | F31: Jira | G31: ='Datos Jira'!E24 -> En curso | H31: =COUNTIFS('Datos Jira'!$B$8:$B$234,A31) -> 8 | I31: =COUNTIFS('Datos Jira'!$B$8:$B$234,A31,'Datos Jira'!$E$8:$E$234,"Finalizado") -> 0 | J31: =IF(G31="Finalizado",1,IF(H31>0,I31/H31,IF(G31="Pendiente",0,""))) -> 0 | K31: =E31-D31+1 -> 12 | M31: =IF(AND($D31<=M$9+6,$E31>=M$9),IF(AND(ISNUMBER($J31),M$9<=$D31+($E31-$D31+1)*$J31-1),2,1),0) -> 0 | N31: =IF(AND($D31<=N$9+6,$E31>=N$9),IF(AND(ISNUMBER($J31),N$9<=$D31+($E31-$D31+1)*$J31-1),2,1),0) -> 0 | O31: =IF(AND($D31<=O$9+6,$E31>=O$9),IF(AND(ISNUMBER($J31),O$9<=$D31+($E31-$D31+1)*$J31-1),2,1),0) -> 0 | P31: =IF(AND($D31<=P$9+6,$E31>=P$9),IF(AND(ISNUMBER($J31),P$9<=$D31+($E31-$D31+1)*$J31-1),2,1),0) -> 0 | Q31: =IF(AND($D31<=Q$9+6,$E31>=Q$9),IF(AND(ISNUMBER($J31),Q$9<=$D31+($E31-$D31+1)*$J31-1),2,1),0) -> 0 | R31: =IF(AND($D31<=R$9+6,$E31>=R$9),IF(AND(ISNUMBER($J31),R$9<=$D31+($E31-$D31+1)*$J31-1),2,1),0) -> 0 | S31: =IF(AND($D31<=S$9+6,$E31>=S$9),IF(AND(ISNUMBER($J31),S$9<=$D31+($E31-$D31+1)*$J31-1),2,1),0) -> 1 | T31: =IF(AND($D31<=T$9+6,$E31>=T$9),IF(AND(ISNUMBER($J31),T$9<=$D31+($E31-$D31+1)*$J31-1),2,1),0) -> 1 | ... AB31: =IF(AND($D31<=AB$9+6,$E31>=AB$9),IF(AND(ISNUMBER($J31),AB$9<=$D31+($E31-$D31+1)*$J31-1),2,1),0) -> 0
A32: SCRUM-22 | B32: Juegos (Praxias) | C32: Daniela | D32: =IF('Datos Jira'!G25="",'Datos Jira'!J25,'Datos Jira'!G25) -> 46307 | E32: =IF('Datos Jira'!H25="",'Datos Jira'!K25,'Datos Jira'!H25) -> 46318 | F32: Jira | G32: ='Datos Jira'!E25 -> Finalizado | H32: =COUNTIFS('Datos Jira'!$B$8:$B$234,A32) -> 8 | I32: =COUNTIFS('Datos Jira'!$B$8:$B$234,A32,'Datos Jira'!$E$8:$E$234,"Finalizado") -> 8 | J32: =IF(G32="Finalizado",1,IF(H32>0,I32/H32,IF(G32="Pendiente",0,""))) -> 1 | K32: =E32-D32+1 -> 12 | M32: =IF(AND($D32<=M$9+6,$E32>=M$9),IF(AND(ISNUMBER($J32),M$9<=$D32+($E32-$D32+1)*$J32-1),2,1),0) -> 0 | N32: =IF(AND($D32<=N$9+6,$E32>=N$9),IF(AND(ISNUMBER($J32),N$9<=$D32+($E32-$D32+1)*$J32-1),2,1),0) -> 0 | O32: =IF(AND($D32<=O$9+6,$E32>=O$9),IF(AND(ISNUMBER($J32),O$9<=$D32+($E32-$D32+1)*$J32-1),2,1),0) -> 0 | P32: =IF(AND($D32<=P$9+6,$E32>=P$9),IF(AND(ISNUMBER($J32),P$9<=$D32+($E32-$D32+1)*$J32-1),2,1),0) -> 0 | Q32: =IF(AND($D32<=Q$9+6,$E32>=Q$9),IF(AND(ISNUMBER($J32),Q$9<=$D32+($E32-$D32+1)*$J32-1),2,1),0) -> 0 | R32: =IF(AND($D32<=R$9+6,$E32>=R$9),IF(AND(ISNUMBER($J32),R$9<=$D32+($E32-$D32+1)*$J32-1),2,1),0) -> 0 | S32: =IF(AND($D32<=S$9+6,$E32>=S$9),IF(AND(ISNUMBER($J32),S$9<=$D32+($E32-$D32+1)*$J32-1),2,1),0) -> 2 | T32: =IF(AND($D32<=T$9+6,$E32>=T$9),IF(AND(ISNUMBER($J32),T$9<=$D32+($E32-$D32+1)*$J32-1),2,1),0) -> 2 | ... AB32: =IF(AND($D32<=AB$9+6,$E32>=AB$9),IF(AND(ISNUMBER($J32),AB$9<=$D32+($E32-$D32+1)*$J32-1),2,1),0) -> 0
A33: SCRUM-23 | B33: Juegos (Atención) | C33: Eduardo | D33: =IF('Datos Jira'!G26="",'Datos Jira'!J26,'Datos Jira'!G26) -> 46307 | E33: =IF('Datos Jira'!H26="",'Datos Jira'!K26,'Datos Jira'!H26) -> 46318 | F33: Jira | G33: ='Datos Jira'!E26 -> En curso | H33: =COUNTIFS('Datos Jira'!$B$8:$B$234,A33) -> 5 | I33: =COUNTIFS('Datos Jira'!$B$8:$B$234,A33,'Datos Jira'!$E$8:$E$234,"Finalizado") -> 4 | J33: =IF(G33="Finalizado",1,IF(H33>0,I33/H33,IF(G33="Pendiente",0,""))) -> 0.8 | K33: =E33-D33+1 -> 12 | M33: =IF(AND($D33<=M$9+6,$E33>=M$9),IF(AND(ISNUMBER($J33),M$9<=$D33+($E33-$D33+1)*$J33-1),2,1),0) -> 0 | N33: =IF(AND($D33<=N$9+6,$E33>=N$9),IF(AND(ISNUMBER($J33),N$9<=$D33+($E33-$D33+1)*$J33-1),2,1),0) -> 0 | O33: =IF(AND($D33<=O$9+6,$E33>=O$9),IF(AND(ISNUMBER($J33),O$9<=$D33+($E33-$D33+1)*$J33-1),2,1),0) -> 0 | P33: =IF(AND($D33<=P$9+6,$E33>=P$9),IF(AND(ISNUMBER($J33),P$9<=$D33+($E33-$D33+1)*$J33-1),2,1),0) -> 0 | Q33: =IF(AND($D33<=Q$9+6,$E33>=Q$9),IF(AND(ISNUMBER($J33),Q$9<=$D33+($E33-$D33+1)*$J33-1),2,1),0) -> 0 | R33: =IF(AND($D33<=R$9+6,$E33>=R$9),IF(AND(ISNUMBER($J33),R$9<=$D33+($E33-$D33+1)*$J33-1),2,1),0) -> 0 | S33: =IF(AND($D33<=S$9+6,$E33>=S$9),IF(AND(ISNUMBER($J33),S$9<=$D33+($E33-$D33+1)*$J33-1),2,1),0) -> 2 | T33: =IF(AND($D33<=T$9+6,$E33>=T$9),IF(AND(ISNUMBER($J33),T$9<=$D33+($E33-$D33+1)*$J33-1),2,1),0) -> 2 | ... AB33: =IF(AND($D33<=AB$9+6,$E33>=AB$9),IF(AND(ISNUMBER($J33),AB$9<=$D33+($E33-$D33+1)*$J33-1),2,1),0) -> 0
A34: SCRUM-24 | B34: Módulo de respiración guiada | C34: Benjamín | D34: =IF('Datos Jira'!G27="",'Datos Jira'!J27,'Datos Jira'!G27) -> 46307 | E34: =IF('Datos Jira'!H27="",'Datos Jira'!K27,'Datos Jira'!H27) -> 46318 | F34: Jira | G34: ='Datos Jira'!E27 -> Finalizado | H34: =COUNTIFS('Datos Jira'!$B$8:$B$234,A34) -> 8 | I34: =COUNTIFS('Datos Jira'!$B$8:$B$234,A34,'Datos Jira'!$E$8:$E$234,"Finalizado") -> 8 | J34: =IF(G34="Finalizado",1,IF(H34>0,I34/H34,IF(G34="Pendiente",0,""))) -> 1 | K34: =E34-D34+1 -> 12 | M34: =IF(AND($D34<=M$9+6,$E34>=M$9),IF(AND(ISNUMBER($J34),M$9<=$D34+($E34-$D34+1)*$J34-1),2,1),0) -> 0 | N34: =IF(AND($D34<=N$9+6,$E34>=N$9),IF(AND(ISNUMBER($J34),N$9<=$D34+($E34-$D34+1)*$J34-1),2,1),0) -> 0 | O34: =IF(AND($D34<=O$9+6,$E34>=O$9),IF(AND(ISNUMBER($J34),O$9<=$D34+($E34-$D34+1)*$J34-1),2,1),0) -> 0 | P34: =IF(AND($D34<=P$9+6,$E34>=P$9),IF(AND(ISNUMBER($J34),P$9<=$D34+($E34-$D34+1)*$J34-1),2,1),0) -> 0 | Q34: =IF(AND($D34<=Q$9+6,$E34>=Q$9),IF(AND(ISNUMBER($J34),Q$9<=$D34+($E34-$D34+1)*$J34-1),2,1),0) -> 0 | R34: =IF(AND($D34<=R$9+6,$E34>=R$9),IF(AND(ISNUMBER($J34),R$9<=$D34+($E34-$D34+1)*$J34-1),2,1),0) -> 0 | S34: =IF(AND($D34<=S$9+6,$E34>=S$9),IF(AND(ISNUMBER($J34),S$9<=$D34+($E34-$D34+1)*$J34-1),2,1),0) -> 2 | T34: =IF(AND($D34<=T$9+6,$E34>=T$9),IF(AND(ISNUMBER($J34),T$9<=$D34+($E34-$D34+1)*$J34-1),2,1),0) -> 2 | ... AB34: =IF(AND($D34<=AB$9+6,$E34>=AB$9),IF(AND(ISNUMBER($J34),AB$9<=$D34+($E34-$D34+1)*$J34-1),2,1),0) -> 0
A35: SCRUM-25 | B35: Captura de métricas por sesión | C35: Daniela | D35: =IF('Datos Jira'!G28="",'Datos Jira'!J28,'Datos Jira'!G28) -> 46300 | E35: =IF('Datos Jira'!H28="",'Datos Jira'!K28,'Datos Jira'!H28) -> 46308 | F35: Jira | G35: ='Datos Jira'!E28 -> Finalizado | H35: =COUNTIFS('Datos Jira'!$B$8:$B$234,A35) -> 6 | I35: =COUNTIFS('Datos Jira'!$B$8:$B$234,A35,'Datos Jira'!$E$8:$E$234,"Finalizado") -> 6 | J35: =IF(G35="Finalizado",1,IF(H35>0,I35/H35,IF(G35="Pendiente",0,""))) -> 1 | K35: =E35-D35+1 -> 9 | M35: =IF(AND($D35<=M$9+6,$E35>=M$9),IF(AND(ISNUMBER($J35),M$9<=$D35+($E35-$D35+1)*$J35-1),2,1),0) -> 0 | N35: =IF(AND($D35<=N$9+6,$E35>=N$9),IF(AND(ISNUMBER($J35),N$9<=$D35+($E35-$D35+1)*$J35-1),2,1),0) -> 0 | O35: =IF(AND($D35<=O$9+6,$E35>=O$9),IF(AND(ISNUMBER($J35),O$9<=$D35+($E35-$D35+1)*$J35-1),2,1),0) -> 0 | P35: =IF(AND($D35<=P$9+6,$E35>=P$9),IF(AND(ISNUMBER($J35),P$9<=$D35+($E35-$D35+1)*$J35-1),2,1),0) -> 0 | Q35: =IF(AND($D35<=Q$9+6,$E35>=Q$9),IF(AND(ISNUMBER($J35),Q$9<=$D35+($E35-$D35+1)*$J35-1),2,1),0) -> 0 | R35: =IF(AND($D35<=R$9+6,$E35>=R$9),IF(AND(ISNUMBER($J35),R$9<=$D35+($E35-$D35+1)*$J35-1),2,1),0) -> 2 | S35: =IF(AND($D35<=S$9+6,$E35>=S$9),IF(AND(ISNUMBER($J35),S$9<=$D35+($E35-$D35+1)*$J35-1),2,1),0) -> 2 | T35: =IF(AND($D35<=T$9+6,$E35>=T$9),IF(AND(ISNUMBER($J35),T$9<=$D35+($E35-$D35+1)*$J35-1),2,1),0) -> 0 | ... AB35: =IF(AND($D35<=AB$9+6,$E35>=AB$9),IF(AND(ISNUMBER($J35),AB$9<=$D35+($E35-$D35+1)*$J35-1),2,1),0) -> 0
A36: SCRUM-26 | B36: Pruebas QA | C36: Eduardo | D36: =IF('Datos Jira'!G29="",'Datos Jira'!J29,'Datos Jira'!G29) -> 46318 | E36: =IF('Datos Jira'!H29="",'Datos Jira'!K29,'Datos Jira'!H29) -> 46320 | F36: Jira | G36: ='Datos Jira'!E29 -> Pendiente | H36: =COUNTIFS('Datos Jira'!$B$8:$B$234,A36) -> 8 | I36: =COUNTIFS('Datos Jira'!$B$8:$B$234,A36,'Datos Jira'!$E$8:$E$234,"Finalizado") -> 0 | J36: =IF(G36="Finalizado",1,IF(H36>0,I36/H36,IF(G36="Pendiente",0,""))) -> 0 | K36: =E36-D36+1 -> 3 | M36: =IF(AND($D36<=M$9+6,$E36>=M$9),IF(AND(ISNUMBER($J36),M$9<=$D36+($E36-$D36+1)*$J36-1),2,1),0) -> 0 | N36: =IF(AND($D36<=N$9+6,$E36>=N$9),IF(AND(ISNUMBER($J36),N$9<=$D36+($E36-$D36+1)*$J36-1),2,1),0) -> 0 | O36: =IF(AND($D36<=O$9+6,$E36>=O$9),IF(AND(ISNUMBER($J36),O$9<=$D36+($E36-$D36+1)*$J36-1),2,1),0) -> 0 | P36: =IF(AND($D36<=P$9+6,$E36>=P$9),IF(AND(ISNUMBER($J36),P$9<=$D36+($E36-$D36+1)*$J36-1),2,1),0) -> 0 | Q36: =IF(AND($D36<=Q$9+6,$E36>=Q$9),IF(AND(ISNUMBER($J36),Q$9<=$D36+($E36-$D36+1)*$J36-1),2,1),0) -> 0 | R36: =IF(AND($D36<=R$9+6,$E36>=R$9),IF(AND(ISNUMBER($J36),R$9<=$D36+($E36-$D36+1)*$J36-1),2,1),0) -> 0 | S36: =IF(AND($D36<=S$9+6,$E36>=S$9),IF(AND(ISNUMBER($J36),S$9<=$D36+($E36-$D36+1)*$J36-1),2,1),0) -> 0 | T36: =IF(AND($D36<=T$9+6,$E36>=T$9),IF(AND(ISNUMBER($J36),T$9<=$D36+($E36-$D36+1)*$J36-1),2,1),0) -> 2 | ... AB36: =IF(AND($D36<=AB$9+6,$E36>=AB$9),IF(AND(ISNUMBER($J36),AB$9<=$D36+($E36-$D36+1)*$J36-1),2,1),0) -> 0
A37: SCRUM-28 | B37: FastAPI - endpoint/session/analyze | C37: Daniela | D37: =IF('Datos Jira'!G30="",'Datos Jira'!J30,'Datos Jira'!G30) -> 46302 | E37: =IF('Datos Jira'!H30="",'Datos Jira'!K30,'Datos Jira'!H30) -> 46308 | F37: Jira | G37: ='Datos Jira'!E30 -> Finalizado | H37: =COUNTIFS('Datos Jira'!$B$8:$B$234,A37) -> 6 | I37: =COUNTIFS('Datos Jira'!$B$8:$B$234,A37,'Datos Jira'!$E$8:$E$234,"Finalizado") -> 6 | J37: =IF(G37="Finalizado",1,IF(H37>0,I37/H37,IF(G37="Pendiente",0,""))) -> 1 | K37: =E37-D37+1 -> 7 | M37: =IF(AND($D37<=M$9+6,$E37>=M$9),IF(AND(ISNUMBER($J37),M$9<=$D37+($E37-$D37+1)*$J37-1),2,1),0) -> 0 | N37: =IF(AND($D37<=N$9+6,$E37>=N$9),IF(AND(ISNUMBER($J37),N$9<=$D37+($E37-$D37+1)*$J37-1),2,1),0) -> 0 | O37: =IF(AND($D37<=O$9+6,$E37>=O$9),IF(AND(ISNUMBER($J37),O$9<=$D37+($E37-$D37+1)*$J37-1),2,1),0) -> 0 | P37: =IF(AND($D37<=P$9+6,$E37>=P$9),IF(AND(ISNUMBER($J37),P$9<=$D37+($E37-$D37+1)*$J37-1),2,1),0) -> 0 | Q37: =IF(AND($D37<=Q$9+6,$E37>=Q$9),IF(AND(ISNUMBER($J37),Q$9<=$D37+($E37-$D37+1)*$J37-1),2,1),0) -> 0 | R37: =IF(AND($D37<=R$9+6,$E37>=R$9),IF(AND(ISNUMBER($J37),R$9<=$D37+($E37-$D37+1)*$J37-1),2,1),0) -> 2 | S37: =IF(AND($D37<=S$9+6,$E37>=S$9),IF(AND(ISNUMBER($J37),S$9<=$D37+($E37-$D37+1)*$J37-1),2,1),0) -> 2 | T37: =IF(AND($D37<=T$9+6,$E37>=T$9),IF(AND(ISNUMBER($J37),T$9<=$D37+($E37-$D37+1)*$J37-1),2,1),0) -> 0 | ... AB37: =IF(AND($D37<=AB$9+6,$E37>=AB$9),IF(AND(ISNUMBER($J37),AB$9<=$D37+($E37-$D37+1)*$J37-1),2,1),0) -> 0
A38: SCRUM-76 | B38: Configurar Firebase Storage | C38: Daniela | D38: =IF('Datos Jira'!G78="",'Datos Jira'!J78,'Datos Jira'!G78) -> 46301 | E38: =IF('Datos Jira'!H78="",'Datos Jira'!K78,'Datos Jira'!H78) -> 46308 | F38: Jira | G38: ='Datos Jira'!E78 -> Finalizado | H38: =COUNTIFS('Datos Jira'!$B$8:$B$234,A38) -> 7 | I38: =COUNTIFS('Datos Jira'!$B$8:$B$234,A38,'Datos Jira'!$E$8:$E$234,"Finalizado") -> 7 | J38: =IF(G38="Finalizado",1,IF(H38>0,I38/H38,IF(G38="Pendiente",0,""))) -> 1 | K38: =E38-D38+1 -> 8 | M38: =IF(AND($D38<=M$9+6,$E38>=M$9),IF(AND(ISNUMBER($J38),M$9<=$D38+($E38-$D38+1)*$J38-1),2,1),0) -> 0 | N38: =IF(AND($D38<=N$9+6,$E38>=N$9),IF(AND(ISNUMBER($J38),N$9<=$D38+($E38-$D38+1)*$J38-1),2,1),0) -> 0 | O38: =IF(AND($D38<=O$9+6,$E38>=O$9),IF(AND(ISNUMBER($J38),O$9<=$D38+($E38-$D38+1)*$J38-1),2,1),0) -> 0 | P38: =IF(AND($D38<=P$9+6,$E38>=P$9),IF(AND(ISNUMBER($J38),P$9<=$D38+($E38-$D38+1)*$J38-1),2,1),0) -> 0 | Q38: =IF(AND($D38<=Q$9+6,$E38>=Q$9),IF(AND(ISNUMBER($J38),Q$9<=$D38+($E38-$D38+1)*$J38-1),2,1),0) -> 0 | R38: =IF(AND($D38<=R$9+6,$E38>=R$9),IF(AND(ISNUMBER($J38),R$9<=$D38+($E38-$D38+1)*$J38-1),2,1),0) -> 2 | S38: =IF(AND($D38<=S$9+6,$E38>=S$9),IF(AND(ISNUMBER($J38),S$9<=$D38+($E38-$D38+1)*$J38-1),2,1),0) -> 2 | T38: =IF(AND($D38<=T$9+6,$E38>=T$9),IF(AND(ISNUMBER($J38),T$9<=$D38+($E38-$D38+1)*$J38-1),2,1),0) -> 0 | ... AB38: =IF(AND($D38<=AB$9+6,$E38>=AB$9),IF(AND(ISNUMBER($J38),AB$9<=$D38+($E38-$D38+1)*$J38-1),2,1),0) -> 0
A39: SCRUM-201 | B39: Documentación para Fase 2 | C39: Daniela | D39: =IF('Datos Jira'!G196="",'Datos Jira'!J196,'Datos Jira'!G196) -> 46302 | E39: =IF('Datos Jira'!H196="",'Datos Jira'!K196,'Datos Jira'!H196) -> 46319 | F39: Jira | G39: ='Datos Jira'!E196 -> En curso | H39: 1 | I39: 1 | J39: =IF(G39="Finalizado",1,IF(H39>0,I39/H39,IF(G39="Pendiente",0,""))) -> 1 | K39: =E39-D39+1 -> 18 | M39: =IF(AND($D39<=M$9+6,$E39>=M$9),IF(AND(ISNUMBER($J39),M$9<=$D39+($E39-$D39+1)*$J39-1),2,1),0) -> 0 | N39: =IF(AND($D39<=N$9+6,$E39>=N$9),IF(AND(ISNUMBER($J39),N$9<=$D39+($E39-$D39+1)*$J39-1),2,1),0) -> 0 | O39: =IF(AND($D39<=O$9+6,$E39>=O$9),IF(AND(ISNUMBER($J39),O$9<=$D39+($E39-$D39+1)*$J39-1),2,1),0) -> 0 | P39: =IF(AND($D39<=P$9+6,$E39>=P$9),IF(AND(ISNUMBER($J39),P$9<=$D39+($E39-$D39+1)*$J39-1),2,1),0) -> 0 | Q39: =IF(AND($D39<=Q$9+6,$E39>=Q$9),IF(AND(ISNUMBER($J39),Q$9<=$D39+($E39-$D39+1)*$J39-1),2,1),0) -> 0 | R39: =IF(AND($D39<=R$9+6,$E39>=R$9),IF(AND(ISNUMBER($J39),R$9<=$D39+($E39-$D39+1)*$J39-1),2,1),0) -> 2 | S39: =IF(AND($D39<=S$9+6,$E39>=S$9),IF(AND(ISNUMBER($J39),S$9<=$D39+($E39-$D39+1)*$J39-1),2,1),0) -> 2 | T39: =IF(AND($D39<=T$9+6,$E39>=T$9),IF(AND(ISNUMBER($J39),T$9<=$D39+($E39-$D39+1)*$J39-1),2,1),0) -> 2 | ... AB39: =IF(AND($D39<=AB$9+6,$E39>=AB$9),IF(AND(ISNUMBER($J39),AB$9<=$D39+($E39-$D39+1)*$J39-1),2,1),0) -> 0
A40: SCRUM-216 | B40: Eliminar el modo "Solo jugar" y adaptar la app a 2 modos de uso | C40: Benjamín | D40: =IF('Datos Jira'!G211="",'Datos Jira'!J211,'Datos Jira'!G211) -> 46296 | E40: =IF('Datos Jira'!H211="",'Datos Jira'!K211,'Datos Jira'!H211) -> 46308 | F40: Mixto | G40: ='Datos Jira'!E211 -> Finalizado | H40: =COUNTIFS('Datos Jira'!$B$8:$B$234,A40) -> 7 | I40: =COUNTIFS('Datos Jira'!$B$8:$B$234,A40,'Datos Jira'!$E$8:$E$234,"Finalizado") -> 7 | J40: =IF(G40="Finalizado",1,IF(H40>0,I40/H40,IF(G40="Pendiente",0,""))) -> 1 | K40: =E40-D40+1 -> 13 | M40: =IF(AND($D40<=M$9+6,$E40>=M$9),IF(AND(ISNUMBER($J40),M$9<=$D40+($E40-$D40+1)*$J40-1),2,1),0) -> 0 | N40: =IF(AND($D40<=N$9+6,$E40>=N$9),IF(AND(ISNUMBER($J40),N$9<=$D40+($E40-$D40+1)*$J40-1),2,1),0) -> 0 | O40: =IF(AND($D40<=O$9+6,$E40>=O$9),IF(AND(ISNUMBER($J40),O$9<=$D40+($E40-$D40+1)*$J40-1),2,1),0) -> 0 | P40: =IF(AND($D40<=P$9+6,$E40>=P$9),IF(AND(ISNUMBER($J40),P$9<=$D40+($E40-$D40+1)*$J40-1),2,1),0) -> 0 | Q40: =IF(AND($D40<=Q$9+6,$E40>=Q$9),IF(AND(ISNUMBER($J40),Q$9<=$D40+($E40-$D40+1)*$J40-1),2,1),0) -> 2 | R40: =IF(AND($D40<=R$9+6,$E40>=R$9),IF(AND(ISNUMBER($J40),R$9<=$D40+($E40-$D40+1)*$J40-1),2,1),0) -> 2 | S40: =IF(AND($D40<=S$9+6,$E40>=S$9),IF(AND(ISNUMBER($J40),S$9<=$D40+($E40-$D40+1)*$J40-1),2,1),0) -> 2 | T40: =IF(AND($D40<=T$9+6,$E40>=T$9),IF(AND(ISNUMBER($J40),T$9<=$D40+($E40-$D40+1)*$J40-1),2,1),0) -> 0 | ... AB40: =IF(AND($D40<=AB$9+6,$E40>=AB$9),IF(AND(ISNUMBER($J40),AB$9<=$D40+($E40-$D40+1)*$J40-1),2,1),0) -> 0
A41: SCRUM-217 | B41: Indicar con claridad dónde está el error al crear cuenta e iniciar sesión | C41: Benjamín | D41: =IF('Datos Jira'!G212="",'Datos Jira'!J212,'Datos Jira'!G212) -> 46296 | E41: =IF('Datos Jira'!H212="",'Datos Jira'!K212,'Datos Jira'!H212) -> 46308 | F41: Mixto | G41: ='Datos Jira'!E212 -> Finalizado | H41: =COUNTIFS('Datos Jira'!$B$8:$B$234,A41) -> 6 | I41: =COUNTIFS('Datos Jira'!$B$8:$B$234,A41,'Datos Jira'!$E$8:$E$234,"Finalizado") -> 6 | J41: =IF(G41="Finalizado",1,IF(H41>0,I41/H41,IF(G41="Pendiente",0,""))) -> 1 | K41: =E41-D41+1 -> 13 | M41: =IF(AND($D41<=M$9+6,$E41>=M$9),IF(AND(ISNUMBER($J41),M$9<=$D41+($E41-$D41+1)*$J41-1),2,1),0) -> 0 | N41: =IF(AND($D41<=N$9+6,$E41>=N$9),IF(AND(ISNUMBER($J41),N$9<=$D41+($E41-$D41+1)*$J41-1),2,1),0) -> 0 | O41: =IF(AND($D41<=O$9+6,$E41>=O$9),IF(AND(ISNUMBER($J41),O$9<=$D41+($E41-$D41+1)*$J41-1),2,1),0) -> 0 | P41: =IF(AND($D41<=P$9+6,$E41>=P$9),IF(AND(ISNUMBER($J41),P$9<=$D41+($E41-$D41+1)*$J41-1),2,1),0) -> 0 | Q41: =IF(AND($D41<=Q$9+6,$E41>=Q$9),IF(AND(ISNUMBER($J41),Q$9<=$D41+($E41-$D41+1)*$J41-1),2,1),0) -> 2 | R41: =IF(AND($D41<=R$9+6,$E41>=R$9),IF(AND(ISNUMBER($J41),R$9<=$D41+($E41-$D41+1)*$J41-1),2,1),0) -> 2 | S41: =IF(AND($D41<=S$9+6,$E41>=S$9),IF(AND(ISNUMBER($J41),S$9<=$D41+($E41-$D41+1)*$J41-1),2,1),0) -> 2 | T41: =IF(AND($D41<=T$9+6,$E41>=T$9),IF(AND(ISNUMBER($J41),T$9<=$D41+($E41-$D41+1)*$J41-1),2,1),0) -> 0 | ... AB41: =IF(AND($D41<=AB$9+6,$E41>=AB$9),IF(AND(ISNUMBER($J41),AB$9<=$D41+($E41-$D41+1)*$J41-1),2,1),0) -> 0
A42: SCRUM-218 | B42: Mantener la sesión iniciada al volver a abrir la app | C42: Benjamín | D42: =IF('Datos Jira'!G213="",'Datos Jira'!J213,'Datos Jira'!G213) -> 46296 | E42: =IF('Datos Jira'!H213="",'Datos Jira'!K213,'Datos Jira'!H213) -> 46308 | F42: Mixto | G42: ='Datos Jira'!E213 -> Finalizado | H42: =COUNTIFS('Datos Jira'!$B$8:$B$234,A42) -> 8 | I42: =COUNTIFS('Datos Jira'!$B$8:$B$234,A42,'Datos Jira'!$E$8:$E$234,"Finalizado") -> 8 | J42: =IF(G42="Finalizado",1,IF(H42>0,I42/H42,IF(G42="Pendiente",0,""))) -> 1 | K42: =E42-D42+1 -> 13 | M42: =IF(AND($D42<=M$9+6,$E42>=M$9),IF(AND(ISNUMBER($J42),M$9<=$D42+($E42-$D42+1)*$J42-1),2,1),0) -> 0 | N42: =IF(AND($D42<=N$9+6,$E42>=N$9),IF(AND(ISNUMBER($J42),N$9<=$D42+($E42-$D42+1)*$J42-1),2,1),0) -> 0 | O42: =IF(AND($D42<=O$9+6,$E42>=O$9),IF(AND(ISNUMBER($J42),O$9<=$D42+($E42-$D42+1)*$J42-1),2,1),0) -> 0 | P42: =IF(AND($D42<=P$9+6,$E42>=P$9),IF(AND(ISNUMBER($J42),P$9<=$D42+($E42-$D42+1)*$J42-1),2,1),0) -> 0 | Q42: =IF(AND($D42<=Q$9+6,$E42>=Q$9),IF(AND(ISNUMBER($J42),Q$9<=$D42+($E42-$D42+1)*$J42-1),2,1),0) -> 2 | R42: =IF(AND($D42<=R$9+6,$E42>=R$9),IF(AND(ISNUMBER($J42),R$9<=$D42+($E42-$D42+1)*$J42-1),2,1),0) -> 2 | S42: =IF(AND($D42<=S$9+6,$E42>=S$9),IF(AND(ISNUMBER($J42),S$9<=$D42+($E42-$D42+1)*$J42-1),2,1),0) -> 2 | T42: =IF(AND($D42<=T$9+6,$E42>=T$9),IF(AND(ISNUMBER($J42),T$9<=$D42+($E42-$D42+1)*$J42-1),2,1),0) -> 0 | ... AB42: =IF(AND($D42<=AB$9+6,$E42>=AB$9),IF(AND(ISNUMBER($J42),AB$9<=$D42+($E42-$D42+1)*$J42-1),2,1),0) -> 0
B43: Módulo cuidador y QR
A44: SCRUM-29 | B44: Primera sesión de prueba con usuarios | C44: Daniela | D44: =IF('Datos Jira'!G31="",'Datos Jira'!J31,'Datos Jira'!G31) -> 46321 | E44: =IF('Datos Jira'!H31="",'Datos Jira'!K31,'Datos Jira'!H31) -> 46341 | F44: Sprint | G44: ='Datos Jira'!E31 -> Pendiente | H44: =COUNTIFS('Datos Jira'!$B$8:$B$234,A44) -> 6 | I44: =COUNTIFS('Datos Jira'!$B$8:$B$234,A44,'Datos Jira'!$E$8:$E$234,"Finalizado") -> 0 | J44: =IF(G44="Finalizado",1,IF(H44>0,I44/H44,IF(G44="Pendiente",0,""))) -> 0 | K44: =E44-D44+1 -> 21 | M44: =IF(AND($D44<=M$9+6,$E44>=M$9),IF(AND(ISNUMBER($J44),M$9<=$D44+($E44-$D44+1)*$J44-1),2,1),0) -> 0 | N44: =IF(AND($D44<=N$9+6,$E44>=N$9),IF(AND(ISNUMBER($J44),N$9<=$D44+($E44-$D44+1)*$J44-1),2,1),0) -> 0 | O44: =IF(AND($D44<=O$9+6,$E44>=O$9),IF(AND(ISNUMBER($J44),O$9<=$D44+($E44-$D44+1)*$J44-1),2,1),0) -> 0 | P44: =IF(AND($D44<=P$9+6,$E44>=P$9),IF(AND(ISNUMBER($J44),P$9<=$D44+($E44-$D44+1)*$J44-1),2,1),0) -> 0 | Q44: =IF(AND($D44<=Q$9+6,$E44>=Q$9),IF(AND(ISNUMBER($J44),Q$9<=$D44+($E44-$D44+1)*$J44-1),2,1),0) -> 0 | R44: =IF(AND($D44<=R$9+6,$E44>=R$9),IF(AND(ISNUMBER($J44),R$9<=$D44+($E44-$D44+1)*$J44-1),2,1),0) -> 0 | S44: =IF(AND($D44<=S$9+6,$E44>=S$9),IF(AND(ISNUMBER($J44),S$9<=$D44+($E44-$D44+1)*$J44-1),2,1),0) -> 0 | T44: =IF(AND($D44<=T$9+6,$E44>=T$9),IF(AND(ISNUMBER($J44),T$9<=$D44+($E44-$D44+1)*$J44-1),2,1),0) -> 0 | ... AB44: =IF(AND($D44<=AB$9+6,$E44>=AB$9),IF(AND(ISNUMBER($J44),AB$9<=$D44+($E44-$D44+1)*$J44-1),2,1),0) -> 0
A45: SCRUM-30 | B45: Generación de QR por adulto mayor | C45: Daniela | D45: =IF('Datos Jira'!G32="",'Datos Jira'!J32,'Datos Jira'!G32) -> 46321 | E45: =IF('Datos Jira'!H32="",'Datos Jira'!K32,'Datos Jira'!H32) -> 46341 | F45: Sprint | G45: ='Datos Jira'!E32 -> Pendiente | H45: =COUNTIFS('Datos Jira'!$B$8:$B$234,A45) -> 0 | I45: =COUNTIFS('Datos Jira'!$B$8:$B$234,A45,'Datos Jira'!$E$8:$E$234,"Finalizado") -> 0 | J45: =IF(G45="Finalizado",1,IF(H45>0,I45/H45,IF(G45="Pendiente",0,""))) -> 0 | K45: =E45-D45+1 -> 21 | M45: =IF(AND($D45<=M$9+6,$E45>=M$9),IF(AND(ISNUMBER($J45),M$9<=$D45+($E45-$D45+1)*$J45-1),2,1),0) -> 0 | N45: =IF(AND($D45<=N$9+6,$E45>=N$9),IF(AND(ISNUMBER($J45),N$9<=$D45+($E45-$D45+1)*$J45-1),2,1),0) -> 0 | O45: =IF(AND($D45<=O$9+6,$E45>=O$9),IF(AND(ISNUMBER($J45),O$9<=$D45+($E45-$D45+1)*$J45-1),2,1),0) -> 0 | P45: =IF(AND($D45<=P$9+6,$E45>=P$9),IF(AND(ISNUMBER($J45),P$9<=$D45+($E45-$D45+1)*$J45-1),2,1),0) -> 0 | Q45: =IF(AND($D45<=Q$9+6,$E45>=Q$9),IF(AND(ISNUMBER($J45),Q$9<=$D45+($E45-$D45+1)*$J45-1),2,1),0) -> 0 | R45: =IF(AND($D45<=R$9+6,$E45>=R$9),IF(AND(ISNUMBER($J45),R$9<=$D45+($E45-$D45+1)*$J45-1),2,1),0) -> 0 | S45: =IF(AND($D45<=S$9+6,$E45>=S$9),IF(AND(ISNUMBER($J45),S$9<=$D45+($E45-$D45+1)*$J45-1),2,1),0) -> 0 | T45: =IF(AND($D45<=T$9+6,$E45>=T$9),IF(AND(ISNUMBER($J45),T$9<=$D45+($E45-$D45+1)*$J45-1),2,1),0) -> 0 | ... AB45: =IF(AND($D45<=AB$9+6,$E45>=AB$9),IF(AND(ISNUMBER($J45),AB$9<=$D45+($E45-$D45+1)*$J45-1),2,1),0) -> 0
A46: SCRUM-31 | B46: Escaneo de QR por cuidador | C46: Eduardo | D46: =IF('Datos Jira'!G33="",'Datos Jira'!J33,'Datos Jira'!G33) -> 46321 | E46: =IF('Datos Jira'!H33="",'Datos Jira'!K33,'Datos Jira'!H33) -> 46341 | F46: Sprint | G46: ='Datos Jira'!E33 -> Pendiente | H46: =COUNTIFS('Datos Jira'!$B$8:$B$234,A46) -> 0 | I46: =COUNTIFS('Datos Jira'!$B$8:$B$234,A46,'Datos Jira'!$E$8:$E$234,"Finalizado") -> 0 | J46: =IF(G46="Finalizado",1,IF(H46>0,I46/H46,IF(G46="Pendiente",0,""))) -> 0 | K46: =E46-D46+1 -> 21 | M46: =IF(AND($D46<=M$9+6,$E46>=M$9),IF(AND(ISNUMBER($J46),M$9<=$D46+($E46-$D46+1)*$J46-1),2,1),0) -> 0 | N46: =IF(AND($D46<=N$9+6,$E46>=N$9),IF(AND(ISNUMBER($J46),N$9<=$D46+($E46-$D46+1)*$J46-1),2,1),0) -> 0 | O46: =IF(AND($D46<=O$9+6,$E46>=O$9),IF(AND(ISNUMBER($J46),O$9<=$D46+($E46-$D46+1)*$J46-1),2,1),0) -> 0 | P46: =IF(AND($D46<=P$9+6,$E46>=P$9),IF(AND(ISNUMBER($J46),P$9<=$D46+($E46-$D46+1)*$J46-1),2,1),0) -> 0 | Q46: =IF(AND($D46<=Q$9+6,$E46>=Q$9),IF(AND(ISNUMBER($J46),Q$9<=$D46+($E46-$D46+1)*$J46-1),2,1),0) -> 0 | R46: =IF(AND($D46<=R$9+6,$E46>=R$9),IF(AND(ISNUMBER($J46),R$9<=$D46+($E46-$D46+1)*$J46-1),2,1),0) -> 0 | S46: =IF(AND($D46<=S$9+6,$E46>=S$9),IF(AND(ISNUMBER($J46),S$9<=$D46+($E46-$D46+1)*$J46-1),2,1),0) -> 0 | T46: =IF(AND($D46<=T$9+6,$E46>=T$9),IF(AND(ISNUMBER($J46),T$9<=$D46+($E46-$D46+1)*$J46-1),2,1),0) -> 0 | ... AB46: =IF(AND($D46<=AB$9+6,$E46>=AB$9),IF(AND(ISNUMBER($J46),AB$9<=$D46+($E46-$D46+1)*$J46-1),2,1),0) -> 0
A47: SCRUM-32 | B47: Dashboard cuidador | C47: Eduardo | D47: =IF('Datos Jira'!G34="",'Datos Jira'!J34,'Datos Jira'!G34) -> 46321 | E47: =IF('Datos Jira'!H34="",'Datos Jira'!K34,'Datos Jira'!H34) -> 46341 | F47: Sprint | G47: ='Datos Jira'!E34 -> Pendiente | H47: =COUNTIFS('Datos Jira'!$B$8:$B$234,A47) -> 0 | I47: =COUNTIFS('Datos Jira'!$B$8:$B$234,A47,'Datos Jira'!$E$8:$E$234,"Finalizado") -> 0 | J47: =IF(G47="Finalizado",1,IF(H47>0,I47/H47,IF(G47="Pendiente",0,""))) -> 0 | K47: =E47-D47+1 -> 21 | M47: =IF(AND($D47<=M$9+6,$E47>=M$9),IF(AND(ISNUMBER($J47),M$9<=$D47+($E47-$D47+1)*$J47-1),2,1),0) -> 0 | N47: =IF(AND($D47<=N$9+6,$E47>=N$9),IF(AND(ISNUMBER($J47),N$9<=$D47+($E47-$D47+1)*$J47-1),2,1),0) -> 0 | O47: =IF(AND($D47<=O$9+6,$E47>=O$9),IF(AND(ISNUMBER($J47),O$9<=$D47+($E47-$D47+1)*$J47-1),2,1),0) -> 0 | P47: =IF(AND($D47<=P$9+6,$E47>=P$9),IF(AND(ISNUMBER($J47),P$9<=$D47+($E47-$D47+1)*$J47-1),2,1),0) -> 0 | Q47: =IF(AND($D47<=Q$9+6,$E47>=Q$9),IF(AND(ISNUMBER($J47),Q$9<=$D47+($E47-$D47+1)*$J47-1),2,1),0) -> 0 | R47: =IF(AND($D47<=R$9+6,$E47>=R$9),IF(AND(ISNUMBER($J47),R$9<=$D47+($E47-$D47+1)*$J47-1),2,1),0) -> 0 | S47: =IF(AND($D47<=S$9+6,$E47>=S$9),IF(AND(ISNUMBER($J47),S$9<=$D47+($E47-$D47+1)*$J47-1),2,1),0) -> 0 | T47: =IF(AND($D47<=T$9+6,$E47>=T$9),IF(AND(ISNUMBER($J47),T$9<=$D47+($E47-$D47+1)*$J47-1),2,1),0) -> 0 | ... AB47: =IF(AND($D47<=AB$9+6,$E47>=AB$9),IF(AND(ISNUMBER($J47),AB$9<=$D47+($E47-$D47+1)*$J47-1),2,1),0) -> 0
A48: SCRUM-33 | B48: Historial de resultados | C48: Eduardo | D48: =IF('Datos Jira'!G35="",'Datos Jira'!J35,'Datos Jira'!G35) -> 46321 | E48: =IF('Datos Jira'!H35="",'Datos Jira'!K35,'Datos Jira'!H35) -> 46341 | F48: Sprint | G48: ='Datos Jira'!E35 -> Pendiente | H48: =COUNTIFS('Datos Jira'!$B$8:$B$234,A48) -> 0 | I48: =COUNTIFS('Datos Jira'!$B$8:$B$234,A48,'Datos Jira'!$E$8:$E$234,"Finalizado") -> 0 | J48: =IF(G48="Finalizado",1,IF(H48>0,I48/H48,IF(G48="Pendiente",0,""))) -> 0 | K48: =E48-D48+1 -> 21 | M48: =IF(AND($D48<=M$9+6,$E48>=M$9),IF(AND(ISNUMBER($J48),M$9<=$D48+($E48-$D48+1)*$J48-1),2,1),0) -> 0 | N48: =IF(AND($D48<=N$9+6,$E48>=N$9),IF(AND(ISNUMBER($J48),N$9<=$D48+($E48-$D48+1)*$J48-1),2,1),0) -> 0 | O48: =IF(AND($D48<=O$9+6,$E48>=O$9),IF(AND(ISNUMBER($J48),O$9<=$D48+($E48-$D48+1)*$J48-1),2,1),0) -> 0 | P48: =IF(AND($D48<=P$9+6,$E48>=P$9),IF(AND(ISNUMBER($J48),P$9<=$D48+($E48-$D48+1)*$J48-1),2,1),0) -> 0 | Q48: =IF(AND($D48<=Q$9+6,$E48>=Q$9),IF(AND(ISNUMBER($J48),Q$9<=$D48+($E48-$D48+1)*$J48-1),2,1),0) -> 0 | R48: =IF(AND($D48<=R$9+6,$E48>=R$9),IF(AND(ISNUMBER($J48),R$9<=$D48+($E48-$D48+1)*$J48-1),2,1),0) -> 0 | S48: =IF(AND($D48<=S$9+6,$E48>=S$9),IF(AND(ISNUMBER($J48),S$9<=$D48+($E48-$D48+1)*$J48-1),2,1),0) -> 0 | T48: =IF(AND($D48<=T$9+6,$E48>=T$9),IF(AND(ISNUMBER($J48),T$9<=$D48+($E48-$D48+1)*$J48-1),2,1),0) -> 0 | ... AB48: =IF(AND($D48<=AB$9+6,$E48>=AB$9),IF(AND(ISNUMBER($J48),AB$9<=$D48+($E48-$D48+1)*$J48-1),2,1),0) -> 0
A49: SCRUM-34 | B49: Notificación push al cuidador | C49: Eduardo | D49: =IF('Datos Jira'!G36="",'Datos Jira'!J36,'Datos Jira'!G36) -> 46321 | E49: =IF('Datos Jira'!H36="",'Datos Jira'!K36,'Datos Jira'!H36) -> 46341 | F49: Sprint | G49: ='Datos Jira'!E36 -> Pendiente | H49: =COUNTIFS('Datos Jira'!$B$8:$B$234,A49) -> 0 | I49: =COUNTIFS('Datos Jira'!$B$8:$B$234,A49,'Datos Jira'!$E$8:$E$234,"Finalizado") -> 0 | J49: =IF(G49="Finalizado",1,IF(H49>0,I49/H49,IF(G49="Pendiente",0,""))) -> 0 | K49: =E49-D49+1 -> 21 | M49: =IF(AND($D49<=M$9+6,$E49>=M$9),IF(AND(ISNUMBER($J49),M$9<=$D49+($E49-$D49+1)*$J49-1),2,1),0) -> 0 | N49: =IF(AND($D49<=N$9+6,$E49>=N$9),IF(AND(ISNUMBER($J49),N$9<=$D49+($E49-$D49+1)*$J49-1),2,1),0) -> 0 | O49: =IF(AND($D49<=O$9+6,$E49>=O$9),IF(AND(ISNUMBER($J49),O$9<=$D49+($E49-$D49+1)*$J49-1),2,1),0) -> 0 | P49: =IF(AND($D49<=P$9+6,$E49>=P$9),IF(AND(ISNUMBER($J49),P$9<=$D49+($E49-$D49+1)*$J49-1),2,1),0) -> 0 | Q49: =IF(AND($D49<=Q$9+6,$E49>=Q$9),IF(AND(ISNUMBER($J49),Q$9<=$D49+($E49-$D49+1)*$J49-1),2,1),0) -> 0 | R49: =IF(AND($D49<=R$9+6,$E49>=R$9),IF(AND(ISNUMBER($J49),R$9<=$D49+($E49-$D49+1)*$J49-1),2,1),0) -> 0 | S49: =IF(AND($D49<=S$9+6,$E49>=S$9),IF(AND(ISNUMBER($J49),S$9<=$D49+($E49-$D49+1)*$J49-1),2,1),0) -> 0 | T49: =IF(AND($D49<=T$9+6,$E49>=T$9),IF(AND(ISNUMBER($J49),T$9<=$D49+($E49-$D49+1)*$J49-1),2,1),0) -> 0 | ... AB49: =IF(AND($D49<=AB$9+6,$E49>=AB$9),IF(AND(ISNUMBER($J49),AB$9<=$D49+($E49-$D49+1)*$J49-1),2,1),0) -> 0
A50: SCRUM-35 | B50: Vista de progreso personal | C50: Benjamín | D50: =IF('Datos Jira'!G37="",'Datos Jira'!J37,'Datos Jira'!G37) -> 46321 | E50: =IF('Datos Jira'!H37="",'Datos Jira'!K37,'Datos Jira'!H37) -> 46341 | F50: Sprint | G50: ='Datos Jira'!E37 -> Pendiente | H50: =COUNTIFS('Datos Jira'!$B$8:$B$234,A50) -> 0 | I50: =COUNTIFS('Datos Jira'!$B$8:$B$234,A50,'Datos Jira'!$E$8:$E$234,"Finalizado") -> 0 | J50: =IF(G50="Finalizado",1,IF(H50>0,I50/H50,IF(G50="Pendiente",0,""))) -> 0 | K50: =E50-D50+1 -> 21 | M50: =IF(AND($D50<=M$9+6,$E50>=M$9),IF(AND(ISNUMBER($J50),M$9<=$D50+($E50-$D50+1)*$J50-1),2,1),0) -> 0 | N50: =IF(AND($D50<=N$9+6,$E50>=N$9),IF(AND(ISNUMBER($J50),N$9<=$D50+($E50-$D50+1)*$J50-1),2,1),0) -> 0 | O50: =IF(AND($D50<=O$9+6,$E50>=O$9),IF(AND(ISNUMBER($J50),O$9<=$D50+($E50-$D50+1)*$J50-1),2,1),0) -> 0 | P50: =IF(AND($D50<=P$9+6,$E50>=P$9),IF(AND(ISNUMBER($J50),P$9<=$D50+($E50-$D50+1)*$J50-1),2,1),0) -> 0 | Q50: =IF(AND($D50<=Q$9+6,$E50>=Q$9),IF(AND(ISNUMBER($J50),Q$9<=$D50+($E50-$D50+1)*$J50-1),2,1),0) -> 0 | R50: =IF(AND($D50<=R$9+6,$E50>=R$9),IF(AND(ISNUMBER($J50),R$9<=$D50+($E50-$D50+1)*$J50-1),2,1),0) -> 0 | S50: =IF(AND($D50<=S$9+6,$E50>=S$9),IF(AND(ISNUMBER($J50),S$9<=$D50+($E50-$D50+1)*$J50-1),2,1),0) -> 0 | T50: =IF(AND($D50<=T$9+6,$E50>=T$9),IF(AND(ISNUMBER($J50),T$9<=$D50+($E50-$D50+1)*$J50-1),2,1),0) -> 0 | ... AB50: =IF(AND($D50<=AB$9+6,$E50>=AB$9),IF(AND(ISNUMBER($J50),AB$9<=$D50+($E50-$D50+1)*$J50-1),2,1),0) -> 0
A51: SCRUM-36 | B51: FastAPI – endpoint/report/generate | C51: Daniela | D51: =IF('Datos Jira'!G38="",'Datos Jira'!J38,'Datos Jira'!G38) -> 46321 | E51: =IF('Datos Jira'!H38="",'Datos Jira'!K38,'Datos Jira'!H38) -> 46341 | F51: Sprint | G51: ='Datos Jira'!E38 -> Pendiente | H51: =COUNTIFS('Datos Jira'!$B$8:$B$234,A51) -> 0 | I51: =COUNTIFS('Datos Jira'!$B$8:$B$234,A51,'Datos Jira'!$E$8:$E$234,"Finalizado") -> 0 | J51: =IF(G51="Finalizado",1,IF(H51>0,I51/H51,IF(G51="Pendiente",0,""))) -> 0 | K51: =E51-D51+1 -> 21 | M51: =IF(AND($D51<=M$9+6,$E51>=M$9),IF(AND(ISNUMBER($J51),M$9<=$D51+($E51-$D51+1)*$J51-1),2,1),0) -> 0 | N51: =IF(AND($D51<=N$9+6,$E51>=N$9),IF(AND(ISNUMBER($J51),N$9<=$D51+($E51-$D51+1)*$J51-1),2,1),0) -> 0 | O51: =IF(AND($D51<=O$9+6,$E51>=O$9),IF(AND(ISNUMBER($J51),O$9<=$D51+($E51-$D51+1)*$J51-1),2,1),0) -> 0 | P51: =IF(AND($D51<=P$9+6,$E51>=P$9),IF(AND(ISNUMBER($J51),P$9<=$D51+($E51-$D51+1)*$J51-1),2,1),0) -> 0 | Q51: =IF(AND($D51<=Q$9+6,$E51>=Q$9),IF(AND(ISNUMBER($J51),Q$9<=$D51+($E51-$D51+1)*$J51-1),2,1),0) -> 0 | R51: =IF(AND($D51<=R$9+6,$E51>=R$9),IF(AND(ISNUMBER($J51),R$9<=$D51+($E51-$D51+1)*$J51-1),2,1),0) -> 0 | S51: =IF(AND($D51<=S$9+6,$E51>=S$9),IF(AND(ISNUMBER($J51),S$9<=$D51+($E51-$D51+1)*$J51-1),2,1),0) -> 0 | T51: =IF(AND($D51<=T$9+6,$E51>=T$9),IF(AND(ISNUMBER($J51),T$9<=$D51+($E51-$D51+1)*$J51-1),2,1),0) -> 0 | ... AB51: =IF(AND($D51<=AB$9+6,$E51>=AB$9),IF(AND(ISNUMBER($J51),AB$9<=$D51+($E51-$D51+1)*$J51-1),2,1),0) -> 0
A52: SCRUM-37 | B52: Pruebas QA | C52: Eduardo | D52: =IF('Datos Jira'!G39="",'Datos Jira'!J39,'Datos Jira'!G39) -> 46321 | E52: =IF('Datos Jira'!H39="",'Datos Jira'!K39,'Datos Jira'!H39) -> 46341 | F52: Sprint | G52: ='Datos Jira'!E39 -> Pendiente | H52: =COUNTIFS('Datos Jira'!$B$8:$B$234,A52) -> 8 | I52: =COUNTIFS('Datos Jira'!$B$8:$B$234,A52,'Datos Jira'!$E$8:$E$234,"Finalizado") -> 0 | J52: =IF(G52="Finalizado",1,IF(H52>0,I52/H52,IF(G52="Pendiente",0,""))) -> 0 | K52: =E52-D52+1 -> 21 | M52: =IF(AND($D52<=M$9+6,$E52>=M$9),IF(AND(ISNUMBER($J52),M$9<=$D52+($E52-$D52+1)*$J52-1),2,1),0) -> 0 | N52: =IF(AND($D52<=N$9+6,$E52>=N$9),IF(AND(ISNUMBER($J52),N$9<=$D52+($E52-$D52+1)*$J52-1),2,1),0) -> 0 | O52: =IF(AND($D52<=O$9+6,$E52>=O$9),IF(AND(ISNUMBER($J52),O$9<=$D52+($E52-$D52+1)*$J52-1),2,1),0) -> 0 | P52: =IF(AND($D52<=P$9+6,$E52>=P$9),IF(AND(ISNUMBER($J52),P$9<=$D52+($E52-$D52+1)*$J52-1),2,1),0) -> 0 | Q52: =IF(AND($D52<=Q$9+6,$E52>=Q$9),IF(AND(ISNUMBER($J52),Q$9<=$D52+($E52-$D52+1)*$J52-1),2,1),0) -> 0 | R52: =IF(AND($D52<=R$9+6,$E52>=R$9),IF(AND(ISNUMBER($J52),R$9<=$D52+($E52-$D52+1)*$J52-1),2,1),0) -> 0 | S52: =IF(AND($D52<=S$9+6,$E52>=S$9),IF(AND(ISNUMBER($J52),S$9<=$D52+($E52-$D52+1)*$J52-1),2,1),0) -> 0 | T52: =IF(AND($D52<=T$9+6,$E52>=T$9),IF(AND(ISNUMBER($J52),T$9<=$D52+($E52-$D52+1)*$J52-1),2,1),0) -> 0 | ... AB52: =IF(AND($D52<=AB$9+6,$E52>=AB$9),IF(AND(ISNUMBER($J52),AB$9<=$D52+($E52-$D52+1)*$J52-1),2,1),0) -> 0
A53: SCRUM-38 | B53: Segunda sesión de pruebas con usuarios | C53: Daniela | D53: =IF('Datos Jira'!G40="",'Datos Jira'!J40,'Datos Jira'!G40) -> 46321 | E53: =IF('Datos Jira'!H40="",'Datos Jira'!K40,'Datos Jira'!H40) -> 46341 | F53: Sprint | G53: ='Datos Jira'!E40 -> Pendiente | H53: =COUNTIFS('Datos Jira'!$B$8:$B$234,A53) -> 0 | I53: =COUNTIFS('Datos Jira'!$B$8:$B$234,A53,'Datos Jira'!$E$8:$E$234,"Finalizado") -> 0 | J53: =IF(G53="Finalizado",1,IF(H53>0,I53/H53,IF(G53="Pendiente",0,""))) -> 0 | K53: =E53-D53+1 -> 21 | M53: =IF(AND($D53<=M$9+6,$E53>=M$9),IF(AND(ISNUMBER($J53),M$9<=$D53+($E53-$D53+1)*$J53-1),2,1),0) -> 0 | N53: =IF(AND($D53<=N$9+6,$E53>=N$9),IF(AND(ISNUMBER($J53),N$9<=$D53+($E53-$D53+1)*$J53-1),2,1),0) -> 0 | O53: =IF(AND($D53<=O$9+6,$E53>=O$9),IF(AND(ISNUMBER($J53),O$9<=$D53+($E53-$D53+1)*$J53-1),2,1),0) -> 0 | P53: =IF(AND($D53<=P$9+6,$E53>=P$9),IF(AND(ISNUMBER($J53),P$9<=$D53+($E53-$D53+1)*$J53-1),2,1),0) -> 0 | Q53: =IF(AND($D53<=Q$9+6,$E53>=Q$9),IF(AND(ISNUMBER($J53),Q$9<=$D53+($E53-$D53+1)*$J53-1),2,1),0) -> 0 | R53: =IF(AND($D53<=R$9+6,$E53>=R$9),IF(AND(ISNUMBER($J53),R$9<=$D53+($E53-$D53+1)*$J53-1),2,1),0) -> 0 | S53: =IF(AND($D53<=S$9+6,$E53>=S$9),IF(AND(ISNUMBER($J53),S$9<=$D53+($E53-$D53+1)*$J53-1),2,1),0) -> 0 | T53: =IF(AND($D53<=T$9+6,$E53>=T$9),IF(AND(ISNUMBER($J53),T$9<=$D53+($E53-$D53+1)*$J53-1),2,1),0) -> 0 | ... AB53: =IF(AND($D53<=AB$9+6,$E53>=AB$9),IF(AND(ISNUMBER($J53),AB$9<=$D53+($E53-$D53+1)*$J53-1),2,1),0) -> 0
B54: Privacidad, reporte y publicación
A55: SCRUM-39 | B55: flujo ARCO completo | C55: Daniela | D55: =IF('Datos Jira'!G41="",'Datos Jira'!J41,'Datos Jira'!G41) -> 46342 | E55: =IF('Datos Jira'!H41="",'Datos Jira'!K41,'Datos Jira'!H41) -> 46362 | F55: Sprint | G55: ='Datos Jira'!E41 -> Pendiente | H55: =COUNTIFS('Datos Jira'!$B$8:$B$234,A55) -> 0 | I55: =COUNTIFS('Datos Jira'!$B$8:$B$234,A55,'Datos Jira'!$E$8:$E$234,"Finalizado") -> 0 | J55: =IF(G55="Finalizado",1,IF(H55>0,I55/H55,IF(G55="Pendiente",0,""))) -> 0 | K55: =E55-D55+1 -> 21 | M55: =IF(AND($D55<=M$9+6,$E55>=M$9),IF(AND(ISNUMBER($J55),M$9<=$D55+($E55-$D55+1)*$J55-1),2,1),0) -> 0 | N55: =IF(AND($D55<=N$9+6,$E55>=N$9),IF(AND(ISNUMBER($J55),N$9<=$D55+($E55-$D55+1)*$J55-1),2,1),0) -> 0 | O55: =IF(AND($D55<=O$9+6,$E55>=O$9),IF(AND(ISNUMBER($J55),O$9<=$D55+($E55-$D55+1)*$J55-1),2,1),0) -> 0 | P55: =IF(AND($D55<=P$9+6,$E55>=P$9),IF(AND(ISNUMBER($J55),P$9<=$D55+($E55-$D55+1)*$J55-1),2,1),0) -> 0 | Q55: =IF(AND($D55<=Q$9+6,$E55>=Q$9),IF(AND(ISNUMBER($J55),Q$9<=$D55+($E55-$D55+1)*$J55-1),2,1),0) -> 0 | R55: =IF(AND($D55<=R$9+6,$E55>=R$9),IF(AND(ISNUMBER($J55),R$9<=$D55+($E55-$D55+1)*$J55-1),2,1),0) -> 0 | S55: =IF(AND($D55<=S$9+6,$E55>=S$9),IF(AND(ISNUMBER($J55),S$9<=$D55+($E55-$D55+1)*$J55-1),2,1),0) -> 0 | T55: =IF(AND($D55<=T$9+6,$E55>=T$9),IF(AND(ISNUMBER($J55),T$9<=$D55+($E55-$D55+1)*$J55-1),2,1),0) -> 0 | ... AB55: =IF(AND($D55<=AB$9+6,$E55>=AB$9),IF(AND(ISNUMBER($J55),AB$9<=$D55+($E55-$D55+1)*$J55-1),2,1),0) -> 0
A56: SCRUM-40 | B56: Desvinculación del cuidador | C56: Eduardo | D56: =IF('Datos Jira'!G42="",'Datos Jira'!J42,'Datos Jira'!G42) -> 46342 | E56: =IF('Datos Jira'!H42="",'Datos Jira'!K42,'Datos Jira'!H42) -> 46362 | F56: Sprint | G56: ='Datos Jira'!E42 -> Pendiente | H56: =COUNTIFS('Datos Jira'!$B$8:$B$234,A56) -> 0 | I56: =COUNTIFS('Datos Jira'!$B$8:$B$234,A56,'Datos Jira'!$E$8:$E$234,"Finalizado") -> 0 | J56: =IF(G56="Finalizado",1,IF(H56>0,I56/H56,IF(G56="Pendiente",0,""))) -> 0 | K56: =E56-D56+1 -> 21 | M56: =IF(AND($D56<=M$9+6,$E56>=M$9),IF(AND(ISNUMBER($J56),M$9<=$D56+($E56-$D56+1)*$J56-1),2,1),0) -> 0 | N56: =IF(AND($D56<=N$9+6,$E56>=N$9),IF(AND(ISNUMBER($J56),N$9<=$D56+($E56-$D56+1)*$J56-1),2,1),0) -> 0 | O56: =IF(AND($D56<=O$9+6,$E56>=O$9),IF(AND(ISNUMBER($J56),O$9<=$D56+($E56-$D56+1)*$J56-1),2,1),0) -> 0 | P56: =IF(AND($D56<=P$9+6,$E56>=P$9),IF(AND(ISNUMBER($J56),P$9<=$D56+($E56-$D56+1)*$J56-1),2,1),0) -> 0 | Q56: =IF(AND($D56<=Q$9+6,$E56>=Q$9),IF(AND(ISNUMBER($J56),Q$9<=$D56+($E56-$D56+1)*$J56-1),2,1),0) -> 0 | R56: =IF(AND($D56<=R$9+6,$E56>=R$9),IF(AND(ISNUMBER($J56),R$9<=$D56+($E56-$D56+1)*$J56-1),2,1),0) -> 0 | S56: =IF(AND($D56<=S$9+6,$E56>=S$9),IF(AND(ISNUMBER($J56),S$9<=$D56+($E56-$D56+1)*$J56-1),2,1),0) -> 0 | T56: =IF(AND($D56<=T$9+6,$E56>=T$9),IF(AND(ISNUMBER($J56),T$9<=$D56+($E56-$D56+1)*$J56-1),2,1),0) -> 0 | ... AB56: =IF(AND($D56<=AB$9+6,$E56>=AB$9),IF(AND(ISNUMBER($J56),AB$9<=$D56+($E56-$D56+1)*$J56-1),2,1),0) -> 0
A57: SCRUM-41 | B57: Reporte PDF exportable | C57: Eduardo | D57: =IF('Datos Jira'!G43="",'Datos Jira'!J43,'Datos Jira'!G43) -> 46342 | E57: =IF('Datos Jira'!H43="",'Datos Jira'!K43,'Datos Jira'!H43) -> 46362 | F57: Sprint | G57: ='Datos Jira'!E43 -> Pendiente | H57: =COUNTIFS('Datos Jira'!$B$8:$B$234,A57) -> 0 | I57: =COUNTIFS('Datos Jira'!$B$8:$B$234,A57,'Datos Jira'!$E$8:$E$234,"Finalizado") -> 0 | J57: =IF(G57="Finalizado",1,IF(H57>0,I57/H57,IF(G57="Pendiente",0,""))) -> 0 | K57: =E57-D57+1 -> 21 | M57: =IF(AND($D57<=M$9+6,$E57>=M$9),IF(AND(ISNUMBER($J57),M$9<=$D57+($E57-$D57+1)*$J57-1),2,1),0) -> 0 | N57: =IF(AND($D57<=N$9+6,$E57>=N$9),IF(AND(ISNUMBER($J57),N$9<=$D57+($E57-$D57+1)*$J57-1),2,1),0) -> 0 | O57: =IF(AND($D57<=O$9+6,$E57>=O$9),IF(AND(ISNUMBER($J57),O$9<=$D57+($E57-$D57+1)*$J57-1),2,1),0) -> 0 | P57: =IF(AND($D57<=P$9+6,$E57>=P$9),IF(AND(ISNUMBER($J57),P$9<=$D57+($E57-$D57+1)*$J57-1),2,1),0) -> 0 | Q57: =IF(AND($D57<=Q$9+6,$E57>=Q$9),IF(AND(ISNUMBER($J57),Q$9<=$D57+($E57-$D57+1)*$J57-1),2,1),0) -> 0 | R57: =IF(AND($D57<=R$9+6,$E57>=R$9),IF(AND(ISNUMBER($J57),R$9<=$D57+($E57-$D57+1)*$J57-1),2,1),0) -> 0 | S57: =IF(AND($D57<=S$9+6,$E57>=S$9),IF(AND(ISNUMBER($J57),S$9<=$D57+($E57-$D57+1)*$J57-1),2,1),0) -> 0 | T57: =IF(AND($D57<=T$9+6,$E57>=T$9),IF(AND(ISNUMBER($J57),T$9<=$D57+($E57-$D57+1)*$J57-1),2,1),0) -> 0 | ... AB57: =IF(AND($D57<=AB$9+6,$E57>=AB$9),IF(AND(ISNUMBER($J57),AB$9<=$D57+($E57-$D57+1)*$J57-1),2,1),0) -> 0
A58: SCRUM-42 | B58: Auditoría de lenguaje en toda la app | C58: Benjamín | D58: =IF('Datos Jira'!G44="",'Datos Jira'!J44,'Datos Jira'!G44) -> 46342 | E58: =IF('Datos Jira'!H44="",'Datos Jira'!K44,'Datos Jira'!H44) -> 46362 | F58: Sprint | G58: ='Datos Jira'!E44 -> Pendiente | H58: =COUNTIFS('Datos Jira'!$B$8:$B$234,A58) -> 0 | I58: =COUNTIFS('Datos Jira'!$B$8:$B$234,A58,'Datos Jira'!$E$8:$E$234,"Finalizado") -> 0 | J58: =IF(G58="Finalizado",1,IF(H58>0,I58/H58,IF(G58="Pendiente",0,""))) -> 0 | K58: =E58-D58+1 -> 21 | M58: =IF(AND($D58<=M$9+6,$E58>=M$9),IF(AND(ISNUMBER($J58),M$9<=$D58+($E58-$D58+1)*$J58-1),2,1),0) -> 0 | N58: =IF(AND($D58<=N$9+6,$E58>=N$9),IF(AND(ISNUMBER($J58),N$9<=$D58+($E58-$D58+1)*$J58-1),2,1),0) -> 0 | O58: =IF(AND($D58<=O$9+6,$E58>=O$9),IF(AND(ISNUMBER($J58),O$9<=$D58+($E58-$D58+1)*$J58-1),2,1),0) -> 0 | P58: =IF(AND($D58<=P$9+6,$E58>=P$9),IF(AND(ISNUMBER($J58),P$9<=$D58+($E58-$D58+1)*$J58-1),2,1),0) -> 0 | Q58: =IF(AND($D58<=Q$9+6,$E58>=Q$9),IF(AND(ISNUMBER($J58),Q$9<=$D58+($E58-$D58+1)*$J58-1),2,1),0) -> 0 | R58: =IF(AND($D58<=R$9+6,$E58>=R$9),IF(AND(ISNUMBER($J58),R$9<=$D58+($E58-$D58+1)*$J58-1),2,1),0) -> 0 | S58: =IF(AND($D58<=S$9+6,$E58>=S$9),IF(AND(ISNUMBER($J58),S$9<=$D58+($E58-$D58+1)*$J58-1),2,1),0) -> 0 | T58: =IF(AND($D58<=T$9+6,$E58>=T$9),IF(AND(ISNUMBER($J58),T$9<=$D58+($E58-$D58+1)*$J58-1),2,1),0) -> 0 | ... AB58: =IF(AND($D58<=AB$9+6,$E58>=AB$9),IF(AND(ISNUMBER($J58),AB$9<=$D58+($E58-$D58+1)*$J58-1),2,1),0) -> 0
A59: SCRUM-43 | B59: Pruebas de rendimiento en gama baja | C59: Benjamín | D59: =IF('Datos Jira'!G45="",'Datos Jira'!J45,'Datos Jira'!G45) -> 46342 | E59: =IF('Datos Jira'!H45="",'Datos Jira'!K45,'Datos Jira'!H45) -> 46362 | F59: Sprint | G59: ='Datos Jira'!E45 -> Pendiente | H59: =COUNTIFS('Datos Jira'!$B$8:$B$234,A59) -> 0 | I59: =COUNTIFS('Datos Jira'!$B$8:$B$234,A59,'Datos Jira'!$E$8:$E$234,"Finalizado") -> 0 | J59: =IF(G59="Finalizado",1,IF(H59>0,I59/H59,IF(G59="Pendiente",0,""))) -> 0 | K59: =E59-D59+1 -> 21 | M59: =IF(AND($D59<=M$9+6,$E59>=M$9),IF(AND(ISNUMBER($J59),M$9<=$D59+($E59-$D59+1)*$J59-1),2,1),0) -> 0 | N59: =IF(AND($D59<=N$9+6,$E59>=N$9),IF(AND(ISNUMBER($J59),N$9<=$D59+($E59-$D59+1)*$J59-1),2,1),0) -> 0 | O59: =IF(AND($D59<=O$9+6,$E59>=O$9),IF(AND(ISNUMBER($J59),O$9<=$D59+($E59-$D59+1)*$J59-1),2,1),0) -> 0 | P59: =IF(AND($D59<=P$9+6,$E59>=P$9),IF(AND(ISNUMBER($J59),P$9<=$D59+($E59-$D59+1)*$J59-1),2,1),0) -> 0 | Q59: =IF(AND($D59<=Q$9+6,$E59>=Q$9),IF(AND(ISNUMBER($J59),Q$9<=$D59+($E59-$D59+1)*$J59-1),2,1),0) -> 0 | R59: =IF(AND($D59<=R$9+6,$E59>=R$9),IF(AND(ISNUMBER($J59),R$9<=$D59+($E59-$D59+1)*$J59-1),2,1),0) -> 0 | S59: =IF(AND($D59<=S$9+6,$E59>=S$9),IF(AND(ISNUMBER($J59),S$9<=$D59+($E59-$D59+1)*$J59-1),2,1),0) -> 0 | T59: =IF(AND($D59<=T$9+6,$E59>=T$9),IF(AND(ISNUMBER($J59),T$9<=$D59+($E59-$D59+1)*$J59-1),2,1),0) -> 0 | ... AB59: =IF(AND($D59<=AB$9+6,$E59>=AB$9),IF(AND(ISNUMBER($J59),AB$9<=$D59+($E59-$D59+1)*$J59-1),2,1),0) -> 0
A60: SCRUM-44 | B60: Pruebas QA | C60: Eduardo | D60: =IF('Datos Jira'!G46="",'Datos Jira'!J46,'Datos Jira'!G46) -> 46342 | E60: =IF('Datos Jira'!H46="",'Datos Jira'!K46,'Datos Jira'!H46) -> 46362 | F60: Sprint | G60: ='Datos Jira'!E46 -> Pendiente | H60: =COUNTIFS('Datos Jira'!$B$8:$B$234,A60) -> 0 | I60: =COUNTIFS('Datos Jira'!$B$8:$B$234,A60,'Datos Jira'!$E$8:$E$234,"Finalizado") -> 0 | J60: =IF(G60="Finalizado",1,IF(H60>0,I60/H60,IF(G60="Pendiente",0,""))) -> 0 | K60: =E60-D60+1 -> 21 | M60: =IF(AND($D60<=M$9+6,$E60>=M$9),IF(AND(ISNUMBER($J60),M$9<=$D60+($E60-$D60+1)*$J60-1),2,1),0) -> 0 | N60: =IF(AND($D60<=N$9+6,$E60>=N$9),IF(AND(ISNUMBER($J60),N$9<=$D60+($E60-$D60+1)*$J60-1),2,1),0) -> 0 | O60: =IF(AND($D60<=O$9+6,$E60>=O$9),IF(AND(ISNUMBER($J60),O$9<=$D60+($E60-$D60+1)*$J60-1),2,1),0) -> 0 | P60: =IF(AND($D60<=P$9+6,$E60>=P$9),IF(AND(ISNUMBER($J60),P$9<=$D60+($E60-$D60+1)*$J60-1),2,1),0) -> 0 | Q60: =IF(AND($D60<=Q$9+6,$E60>=Q$9),IF(AND(ISNUMBER($J60),Q$9<=$D60+($E60-$D60+1)*$J60-1),2,1),0) -> 0 | R60: =IF(AND($D60<=R$9+6,$E60>=R$9),IF(AND(ISNUMBER($J60),R$9<=$D60+($E60-$D60+1)*$J60-1),2,1),0) -> 0 | S60: =IF(AND($D60<=S$9+6,$E60>=S$9),IF(AND(ISNUMBER($J60),S$9<=$D60+($E60-$D60+1)*$J60-1),2,1),0) -> 0 | T60: =IF(AND($D60<=T$9+6,$E60>=T$9),IF(AND(ISNUMBER($J60),T$9<=$D60+($E60-$D60+1)*$J60-1),2,1),0) -> 0 | ... AB60: =IF(AND($D60<=AB$9+6,$E60>=AB$9),IF(AND(ISNUMBER($J60),AB$9<=$D60+($E60-$D60+1)*$J60-1),2,1),0) -> 0
A61: SCRUM-45 | B61: Tercera sesión de prueba con usuarios | C61: Daniela | D61: =IF('Datos Jira'!G47="",'Datos Jira'!J47,'Datos Jira'!G47) -> 46342 | E61: =IF('Datos Jira'!H47="",'Datos Jira'!K47,'Datos Jira'!H47) -> 46362 | F61: Sprint | G61: ='Datos Jira'!E47 -> Pendiente | H61: =COUNTIFS('Datos Jira'!$B$8:$B$234,A61) -> 0 | I61: =COUNTIFS('Datos Jira'!$B$8:$B$234,A61,'Datos Jira'!$E$8:$E$234,"Finalizado") -> 0 | J61: =IF(G61="Finalizado",1,IF(H61>0,I61/H61,IF(G61="Pendiente",0,""))) -> 0 | K61: =E61-D61+1 -> 21 | M61: =IF(AND($D61<=M$9+6,$E61>=M$9),IF(AND(ISNUMBER($J61),M$9<=$D61+($E61-$D61+1)*$J61-1),2,1),0) -> 0 | N61: =IF(AND($D61<=N$9+6,$E61>=N$9),IF(AND(ISNUMBER($J61),N$9<=$D61+($E61-$D61+1)*$J61-1),2,1),0) -> 0 | O61: =IF(AND($D61<=O$9+6,$E61>=O$9),IF(AND(ISNUMBER($J61),O$9<=$D61+($E61-$D61+1)*$J61-1),2,1),0) -> 0 | P61: =IF(AND($D61<=P$9+6,$E61>=P$9),IF(AND(ISNUMBER($J61),P$9<=$D61+($E61-$D61+1)*$J61-1),2,1),0) -> 0 | Q61: =IF(AND($D61<=Q$9+6,$E61>=Q$9),IF(AND(ISNUMBER($J61),Q$9<=$D61+($E61-$D61+1)*$J61-1),2,1),0) -> 0 | R61: =IF(AND($D61<=R$9+6,$E61>=R$9),IF(AND(ISNUMBER($J61),R$9<=$D61+($E61-$D61+1)*$J61-1),2,1),0) -> 0 | S61: =IF(AND($D61<=S$9+6,$E61>=S$9),IF(AND(ISNUMBER($J61),S$9<=$D61+($E61-$D61+1)*$J61-1),2,1),0) -> 0 | T61: =IF(AND($D61<=T$9+6,$E61>=T$9),IF(AND(ISNUMBER($J61),T$9<=$D61+($E61-$D61+1)*$J61-1),2,1),0) -> 0 | ... AB61: =IF(AND($D61<=AB$9+6,$E61>=AB$9),IF(AND(ISNUMBER($J61),AB$9<=$D61+($E61-$D61+1)*$J61-1),2,1),0) -> 0
A62: SCRUM-46 | B62: Build de producción y publicación Play Store | C62: Daniela | D62: =IF('Datos Jira'!G48="",'Datos Jira'!J48,'Datos Jira'!G48) -> 46342 | E62: =IF('Datos Jira'!H48="",'Datos Jira'!K48,'Datos Jira'!H48) -> 46362 | F62: Sprint | G62: ='Datos Jira'!E48 -> Pendiente | H62: =COUNTIFS('Datos Jira'!$B$8:$B$234,A62) -> 0 | I62: =COUNTIFS('Datos Jira'!$B$8:$B$234,A62,'Datos Jira'!$E$8:$E$234,"Finalizado") -> 0 | J62: =IF(G62="Finalizado",1,IF(H62>0,I62/H62,IF(G62="Pendiente",0,""))) -> 0 | K62: =E62-D62+1 -> 21 | M62: =IF(AND($D62<=M$9+6,$E62>=M$9),IF(AND(ISNUMBER($J62),M$9<=$D62+($E62-$D62+1)*$J62-1),2,1),0) -> 0 | N62: =IF(AND($D62<=N$9+6,$E62>=N$9),IF(AND(ISNUMBER($J62),N$9<=$D62+($E62-$D62+1)*$J62-1),2,1),0) -> 0 | O62: =IF(AND($D62<=O$9+6,$E62>=O$9),IF(AND(ISNUMBER($J62),O$9<=$D62+($E62-$D62+1)*$J62-1),2,1),0) -> 0 | P62: =IF(AND($D62<=P$9+6,$E62>=P$9),IF(AND(ISNUMBER($J62),P$9<=$D62+($E62-$D62+1)*$J62-1),2,1),0) -> 0 | Q62: =IF(AND($D62<=Q$9+6,$E62>=Q$9),IF(AND(ISNUMBER($J62),Q$9<=$D62+($E62-$D62+1)*$J62-1),2,1),0) -> 0 | R62: =IF(AND($D62<=R$9+6,$E62>=R$9),IF(AND(ISNUMBER($J62),R$9<=$D62+($E62-$D62+1)*$J62-1),2,1),0) -> 0 | S62: =IF(AND($D62<=S$9+6,$E62>=S$9),IF(AND(ISNUMBER($J62),S$9<=$D62+($E62-$D62+1)*$J62-1),2,1),0) -> 0 | T62: =IF(AND($D62<=T$9+6,$E62>=T$9),IF(AND(ISNUMBER($J62),T$9<=$D62+($E62-$D62+1)*$J62-1),2,1),0) -> 0 | ... AB62: =IF(AND($D62<=AB$9+6,$E62>=AB$9),IF(AND(ISNUMBER($J62),AB$9<=$D62+($E62-$D62+1)*$J62-1),2,1),0) -> 0
A63: SCRUM-47 | B63: Documentación final para transferencia | C63: Daniela | D63: =IF('Datos Jira'!G49="",'Datos Jira'!J49,'Datos Jira'!G49) -> 46342 | E63: =IF('Datos Jira'!H49="",'Datos Jira'!K49,'Datos Jira'!H49) -> 46362 | F63: Sprint | G63: ='Datos Jira'!E49 -> Pendiente | H63: =COUNTIFS('Datos Jira'!$B$8:$B$234,A63) -> 0 | I63: =COUNTIFS('Datos Jira'!$B$8:$B$234,A63,'Datos Jira'!$E$8:$E$234,"Finalizado") -> 0 | J63: =IF(G63="Finalizado",1,IF(H63>0,I63/H63,IF(G63="Pendiente",0,""))) -> 0 | K63: =E63-D63+1 -> 21 | M63: =IF(AND($D63<=M$9+6,$E63>=M$9),IF(AND(ISNUMBER($J63),M$9<=$D63+($E63-$D63+1)*$J63-1),2,1),0) -> 0 | N63: =IF(AND($D63<=N$9+6,$E63>=N$9),IF(AND(ISNUMBER($J63),N$9<=$D63+($E63-$D63+1)*$J63-1),2,1),0) -> 0 | O63: =IF(AND($D63<=O$9+6,$E63>=O$9),IF(AND(ISNUMBER($J63),O$9<=$D63+($E63-$D63+1)*$J63-1),2,1),0) -> 0 | P63: =IF(AND($D63<=P$9+6,$E63>=P$9),IF(AND(ISNUMBER($J63),P$9<=$D63+($E63-$D63+1)*$J63-1),2,1),0) -> 0 | Q63: =IF(AND($D63<=Q$9+6,$E63>=Q$9),IF(AND(ISNUMBER($J63),Q$9<=$D63+($E63-$D63+1)*$J63-1),2,1),0) -> 0 | R63: =IF(AND($D63<=R$9+6,$E63>=R$9),IF(AND(ISNUMBER($J63),R$9<=$D63+($E63-$D63+1)*$J63-1),2,1),0) -> 0 | S63: =IF(AND($D63<=S$9+6,$E63>=S$9),IF(AND(ISNUMBER($J63),S$9<=$D63+($E63-$D63+1)*$J63-1),2,1),0) -> 0 | T63: =IF(AND($D63<=T$9+6,$E63>=T$9),IF(AND(ISNUMBER($J63),T$9<=$D63+($E63-$D63+1)*$J63-1),2,1),0) -> 0 | ... AB63: =IF(AND($D63<=AB$9+6,$E63>=AB$9),IF(AND(ISNUMBER($J63),AB$9<=$D63+($E63-$D63+1)*$J63-1),2,1),0) -> 0
B64: Cierre propuesto
A65: PROP-01 | B65: Cierre, defensa y transferencia final | C65: Equipo | D65: 46363 | E65: 46376 | F65: Propuesta | G65: Propuesto | H65: 0 | I65: 0 | K65: =E65-D65+1 -> 14 | M65: =IF(AND($D65<=M$9+6,$E65>=M$9),IF(AND(ISNUMBER($J65),M$9<=$D65+($E65-$D65+1)*$J65-1),2,1),0) -> 0 | N65: =IF(AND($D65<=N$9+6,$E65>=N$9),IF(AND(ISNUMBER($J65),N$9<=$D65+($E65-$D65+1)*$J65-1),2,1),0) -> 0 | O65: =IF(AND($D65<=O$9+6,$E65>=O$9),IF(AND(ISNUMBER($J65),O$9<=$D65+($E65-$D65+1)*$J65-1),2,1),0) -> 0 | P65: =IF(AND($D65<=P$9+6,$E65>=P$9),IF(AND(ISNUMBER($J65),P$9<=$D65+($E65-$D65+1)*$J65-1),2,1),0) -> 0 | Q65: =IF(AND($D65<=Q$9+6,$E65>=Q$9),IF(AND(ISNUMBER($J65),Q$9<=$D65+($E65-$D65+1)*$J65-1),2,1),0) -> 0 | R65: =IF(AND($D65<=R$9+6,$E65>=R$9),IF(AND(ISNUMBER($J65),R$9<=$D65+($E65-$D65+1)*$J65-1),2,1),0) -> 0 | S65: =IF(AND($D65<=S$9+6,$E65>=S$9),IF(AND(ISNUMBER($J65),S$9<=$D65+($E65-$D65+1)*$J65-1),2,1),0) -> 0 | T65: =IF(AND($D65<=T$9+6,$E65>=T$9),IF(AND(ISNUMBER($J65),T$9<=$D65+($E65-$D65+1)*$J65-1),2,1),0) -> 0 | ... AB65: =IF(AND($D65<=AB$9+6,$E65>=AB$9),IF(AND(ISNUMBER($J65),AB$9<=$D65+($E65-$D65+1)*$J65-1),2,1),0) -> 1
A67: Método: inicio/fin propios de Jira cuando existen; en ausencia se usa el rango del sprint. Mixto combina ambos.
A68: Las dependencias están vacías para validarlas con el equipo. No se calculó ruta crítica ni se inventaron fechas reales.
A69: Avance: 100% si Jira indica Finalizado; en otras tareas, subtareas finalizadas / total. Sin detalle: vacío si está En curso.

Sheet Datos Jira
A2: Datos originales y correspondencia con GitHub
A3: Tareas principales: consulta Jira 23/10/2026. Subtareas: copia inicial del mismo día.
A4: Jira: https://duocuc-team-auroracare.atlassian.net/issues/?jql=project%3DSCRUM
A5: GitHub: https://github.com/users/Franky1764/projects/1.
A6: Propuesta de cierre: 07-20/12/2026, según período de entrega del README del Project.
A7: Clave | B7: Padre Jira | C7: Actividad | D7: Tipo | E7: Estado | F7: Responsable | G7: Inicio Jira | H7: Término Jira | I7: Sprint | J7: Inicio sprint | K7: Fin sprint | L7: Issue GitHub | M7: Enlace Jira
A8: SCRUM-5 | C8: Instalar stack en los equipos de desarrollo | D8: Tarea | E8: Finalizado | F8: Daniela | G8: 46265 | H8: 46270 | I8: Sprint 1 - Fundamentos | J8: 46265 | K8: 46278 | L8: 2 | M8: https://duocuc-team-auroracare.atlassian.net/browse/SCRUM-5
A9: SCRUM-6 | C9: Configurar repositorio GitHub | D9: Tarea | E9: Finalizado | F9: Daniela | H9: 46278 | I9: Sprint 1 - Fundamentos | J9: 46265 | K9: 46278 | L9: 3 | M9: https://duocuc-team-auroracare.atlassian.net/browse/SCRUM-6
A10: SCRUM-7 | C10: Crear proyecto Firebase | D10: Tarea | E10: Finalizado | F10: Daniela | H10: 46278 | I10: Sprint 1 - Fundamentos | J10: 46265 | K10: 46278 | L10: 4 | M10: https://duocuc-team-auroracare.atlassian.net/browse/SCRUM-7
A11: SCRUM-8 | C11: Spike técnico Flutter -> FastAPI -> OpenAI | D11: Tarea | E11: Finalizado | F11: Daniela | G11: 46267 | H11: 46278 | I11: Sprint 1 - Fundamentos | J11: 46265 | K11: 46278 | L11: 5 | M11: https://duocuc-team-auroracare.atlassian.net/browse/SCRUM-8
A12: SCRUM-9 | C12: Configurar Jira | D12: Tarea | E12: Finalizado | F12: Daniela | H12: 46270 | I12: Sprint 1 - Fundamentos | J12: 46265 | K12: 46278 | L12: 6 | M12: https://duocuc-team-auroracare.atlassian.net/browse/SCRUM-9
A13: SCRUM-10 | C13: Reunión de kickoff del equipo | D13: Tarea | E13: Finalizado | F13: Daniela | H13: 46275 | I13: Sprint 1 - Fundamentos | J13: 46265 | K13: 46278 | L13: 7 | M13: https://duocuc-team-auroracare.atlassian.net/browse/SCRUM-10
A14: SCRUM-11 | B14: SCRUM-5 | C14: Instalación – Daniela | D14: Subtask | E14: Finalizado | F14: Daniela | I14: Sprint 1 - Fundamentos | J14: 46265 | K14: 46278 | L14: 87 | M14: https://duocuc-team-auroracare.atlassian.net/browse/SCRUM-11
A15: SCRUM-12 | B15: SCRUM-5 | C15: Instalación – Eduardo | D15: Subtask | E15: Finalizado | F15: Eduardo | I15: Sprint 1 - Fundamentos | J15: 46265 | K15: 46278 | L15: 88 | M15: https://duocuc-team-auroracare.atlassian.net/browse/SCRUM-12
A16: SCRUM-13 | B16: SCRUM-5 | C16: Instalación – Benjamín | D16: Subtask | E16: Finalizado | F16: Benjamín | I16: Sprint 1 - Fundamentos | J16: 46265 | K16: 46278 | L16: 89 | M16: https://duocuc-team-auroracare.atlassian.net/browse/SCRUM-13
A17: SCRUM-14 | C17: Estructura de capas Flutter | D17: Tarea | E17: Finalizado | F17: Daniela | H17: 46287 | I17: Sprint 2 – Arquitectura y Auth | J17: 46273 | K17: 46301 | L17: 8 | M17: https://duocuc-team-auroracare.atlassian.net/browse/SCRUM-14
A18: SCRUM-15 | C18: Tema visual AuroraCare | D18: Tarea | E18: Finalizado | F18: Benjamín | H18: 46287 | I18: Sprint 2 – Arquitectura y Auth | J18: 46273 | K18: 46301 | L18: 9 | M18: https://duocuc-team-auroracare.atlassian.net/browse/SCRUM-15
A19: SCRUM-16 | C19: Pantalla de Bienvenida y Login | D19: Tarea | E19: Finalizado | F19: Benjamín | H19: 46291 | I19: Sprint 2 – Arquitectura y Auth | J19: 46273 | K19: 46301 | L19: 27 | M19: https://duocuc-team-auroracare.atlassian.net/browse/SCRUM-16
A20: SCRUM-17 | C20: Disclaimer médico en onboarding | D20: Tarea | E20: Finalizado | F20: Benjamín | H20: 46291 | I20: Sprint 2 – Arquitectura y Auth | J20: 46273 | K20: 46301 | L20: 28 | M20: https://duocuc-team-auroracare.atlassian.net/browse/SCRUM-17
A21: SCRUM-18 | C21: Selección de modo de uso | D21: Tarea | E21: Finalizado | F21: Benjamín | H21: 46295 | I21: Sprint 2 – Arquitectura y Auth | J21: 46273 | K21: 46301 | L21: 29 | M21: https://duocuc-team-auroracare.atlassian.net/browse/SCRUM-18
A22: SCRUM-19 | C22: Generación UUID anónimo | D22: Tarea | E22: Finalizado | F22: Daniela | H22: 46293 | I22: Sprint 2 – Arquitectura y Auth | J22: 46273 | K22: 46301 | L22: 31 | M22: https://duocuc-team-auroracare.atlassian.net/browse/SCRUM-19
A23: SCRUM-20 | C23: Prototipo Figma – Flujos Completos 9 - 12 | D23: Tarea | E23: Finalizado | F23: Daniela | H23: 46299 | I23: Sprint 2 – Arquitectura y Auth | J23: 46273 | K23: 46301 | L23: 90 | M23: https://duocuc-team-auroracare.atlassian.net/browse/SCRUM-20
A24: SCRUM-21 | C24: Juegos (Memoria) | D24: Tarea | E24: En curso | F24: Benjamín | G24: 46307 | H24: 46318 | I24: Sprint 3 – Juegos y Métricas | J24: 46296 | K24: 46320 | L24: 91 | M24: https://duocuc-team-auroracare.atlassian.net/browse/SCRUM-21
A25: SCRUM-22 | C25: Juegos (Praxias) | D25: Tarea | E25: Finalizado | F25: Daniela | G25: 46307 | H25: 46318 | I25: Sprint 3 – Juegos y Métricas | J25: 46296 | K25: 46320 | L25: 92 | M25: https://duocuc-team-auroracare.atlassian.net/browse/SCRUM-22
A26: SCRUM-23 | C26: Juegos (Atención) | D26: Tarea | E26: En curso | F26: Eduardo | G26: 46307 | H26: 46318 | I26: Sprint 3 – Juegos y Métricas | J26: 46296 | K26: 46320 | L26: 93 | M26: https://duocuc-team-auroracare.atlassian.net/browse/SCRUM-23
A27: SCRUM-24 | C27: Módulo de respiración guiada | D27: Tarea | E27: Finalizado | F27: Benjamín | G27: 46307 | H27: 46318 | I27: Sprint 3 – Juegos y Métricas | J27: 46296 | K27: 46320 | L27: 94 | M27: https://duocuc-team-auroracare.atlassian.net/browse/SCRUM-24
A28: SCRUM-25 | C28: Captura de métricas por sesión | D28: Tarea | E28: Finalizado | F28: Daniela | G28: 46300 | H28: 46308 | I28: Sprint 3 – Juegos y Métricas | J28: 46296 | K28: 46320 | L28: 83 | M28: https://duocuc-team-auroracare.atlassian.net/browse/SCRUM-25
A29: SCRUM-26 | C29: Pruebas QA | D29: Tarea | E29: Pendiente | F29: Eduardo | G29: 46318 | H29: 46320 | I29: Sprint 3 – Juegos y Métricas | J29: 46296 | K29: 46320 | L29: 32 | M29: https://duocuc-team-auroracare.atlassian.net/browse/SCRUM-26
A30: SCRUM-28 | C30: FastAPI - endpoint/session/analyze | D30: Tarea | E30: Finalizado | F30: Daniela | G30: 46302 | H30: 46308 | I30: Sprint 3 – Juegos y Métricas | J30: 46296 | K30: 46320 | L30: 95 | M30: https://duocuc-team-auroracare.atlassian.net/browse/SCRUM-28
A31: SCRUM-29 | C31: Primera sesión de prueba con usuarios | D31: Tarea | E31: Pendiente | F31: Daniela | I31: Sprint 4 – Módulo Cuidador QR | J31: 46321 | K31: 46341 | L31: 96 | M31: https://duocuc-team-auroracare.atlassian.net/browse/SCRUM-29
A32: SCRUM-30 | C32: Generación de QR por adulto mayor | D32: Tarea | E32: Pendiente | F32: Daniela | I32: Sprint 4 – Módulo Cuidador QR | J32: 46321 | K32: 46341 | L32: 97 | M32: https://duocuc-team-auroracare.atlassian.net/browse/SCRUM-30
A33: SCRUM-31 | C33: Escaneo de QR por cuidador | D33: Tarea | E33: Pendiente | F33: Eduardo | I33: Sprint 4 – Módulo Cuidador QR | J33: 46321 | K33: 46341 | L33: 98 | M33: https://duocuc-team-auroracare.atlassian.net/browse/SCRUM-31
A34: SCRUM-32 | C34: Dashboard cuidador | D34: Tarea | E34: Pendiente | F34: Eduardo | I34: Sprint 4 – Módulo Cuidador QR | J34: 46321 | K34: 46341 | L34: 99 | M34: https://duocuc-team-auroracare.atlassian.net/browse/SCRUM-32
A35: SCRUM-33 | C35: Historial de resultados | D35: Tarea | E35: Pendiente | F35: Eduardo | I35: Sprint 4 – Módulo Cuidador QR | J35: 46321 | K35: 46341 | L35: 100 | M35: https://duocuc-team-auroracare.atlassian.net/browse/SCRUM-33
A36: SCRUM-34 | C36: Notificación push al cuidador | D36: Tarea | E36: Pendiente | F36: Eduardo | I36: Sprint 4 – Módulo Cuidador QR | J36: 46321 | K36: 46341 | L36: 101 | M36: https://duocuc-team-auroracare.atlassian.net/browse/SCRUM-34
A37: SCRUM-35 | C37: Vista de progreso personal | D37: Tarea | E37: Pendiente | F37: Benjamín | I37: Sprint 4 – Módulo Cuidador QR | J37: 46321 | K37: 46341 | L37: 102 | M37: https://duocuc-team-auroracare.atlassian.net/browse/SCRUM-35
A38: SCRUM-36 | C38: FastAPI – endpoint/report/generate | D38: Tarea | E38: Pendiente | F38: Daniela | I38: Sprint 4 – Módulo Cuidador QR | J38: 46321 | K38: 46341 | L38: 103 | M38: https://duocuc-team-auroracare.atlassian.net/browse/SCRUM-36
A39: SCRUM-37 | C39: Pruebas QA | D39: Tarea | E39: Pendiente | F39: Eduardo | I39: Sprint 4 – Módulo Cuidador QR | J39: 46321 | K39: 46341 | L39: 104 | M39: https://duocuc-team-auroracare.atlassian.net/browse/SCRUM-37
A40: SCRUM-38 | C40: Segunda sesión de pruebas con usuarios | D40: Tarea | E40: Pendiente | F40: Daniela | I40: Sprint 4 – Módulo Cuidador QR | J40: 46321 | K40: 46341 | L40: 105 | M40: https://duocuc-team-auroracare.atlassian.net/browse/SCRUM-38
A41: SCRUM-39 | C41: flujo ARCO completo | D41: Tarea | E41: Pendiente | F41: Daniela | I41: Sprint 5 – Privacidad/ Reporte | J41: 46342 | K41: 46362 | L41: 106 | M41: https://duocuc-team-auroracare.atlassian.net/browse/SCRUM-39
A42: SCRUM-40 | C42: Desvinculación del cuidador | D42: Tarea | E42: Pendiente | F42: Eduardo | I42: Sprint 5 – Privacidad/ Reporte | J42: 46342 | K42: 46362 | L42: 107 | M42: https://duocuc-team-auroracare.atlassian.net/browse/SCRUM-40
... A49: SCRUM-47 | C49: Documentación final para transferencia | D49: Tarea | E49: Pendiente | F49: Daniela | I49: Sprint 5 – Privacidad/ Reporte | J49: 46342 | K49: 46362 | L49: 114 | M49: https://duocuc-team-auroracare.atlassian.net/browse/SCRUM-47
A50: SCRUM-48 | B50: SCRUM-8 | C50: Definir flujo técnico y contrato entre Flutter, FastAPI y OpenAI | D50: Subtask | E50: Finalizado | F50: Daniela | I50: Sprint 1 - Fundamentos | J50: 46265 | K50: 46278 | L50: 115 | M50: https://duocuc-team-auroracare.atlassian.net/browse/SCRUM-48
A51: SCRUM-49 | B51: SCRUM-8 | C51: Configurar cliente OpenAI y credenciales en el backend | D51: Subtask | E51: Finalizado | F51: Daniela | I51: Sprint 1 - Fundamentos | J51: 46265 | K51: 46278 | L51: 116 | M51: https://duocuc-team-auroracare.atlassian.net/browse/SCRUM-49
A52: SCRUM-50 | B52: SCRUM-8 | C52: Implementar endpoint en FastAPI que reciba texto y llame a OpenAI | D52: Subtask | E52: Finalizado | F52: Daniela | I52: Sprint 1 - Fundamentos | J52: 46265 | K52: 46278 | L52: 117 | M52: https://duocuc-team-auroracare.atlassian.net/browse/SCRUM-50
A53: SCRUM-51 | B53: SCRUM-8 | C53: Conectar la pantalla Flutter con el endpoint de FastAPI | D53: Subtask | E53: Finalizado | F53: Daniela | I53: Sprint 1 - Fundamentos | J53: 46265 | K53: 46278 | L53: 118 | M53: https://duocuc-team-auroracare.atlassian.net/browse/SCRUM-51
A54: SCRUM-52 | B54: SCRUM-8 | C54: Mostrar la respuesta de OpenAI en la UI de Flutter | D54: Subtask | E54: Finalizado | F54: Daniela | I54: Sprint 1 - Fundamentos | J54: 46265 | K54: 46278 | L54: 119 | M54: https://duocuc-team-auroracare.atlassian.net/browse/SCRUM-52
A55: SCRUM-53 | B55: SCRUM-8 | C55: Validar el flujo end-to-end y corregir errores | D55: Subtask | E55: Finalizado | F55: Daniela | I55: Sprint 1 - Fundamentos | J55: 46265 | K55: 46278 | L55: 120 | M55: https://duocuc-team-auroracare.atlassian.net/browse/SCRUM-53
A56: SCRUM-54 | B56: SCRUM-7 | C56: Crear y registrar el proyecto en Firebase | D56: Subtask | E56: Finalizado | F56: Daniela | I56: Sprint 1 - Fundamentos | J56: 46265 | K56: 46278 | L56: 121 | M56: https://duocuc-team-auroracare.atlassian.net/browse/SCRUM-54
A57: SCRUM-55 | B57: SCRUM-7 | C57: Configurar Firebase Authentication | D57: Subtask | E57: Finalizado | F57: Daniela | I57: Sprint 1 - Fundamentos | J57: 46265 | K57: 46278 | L57: 122 | M57: https://duocuc-team-auroracare.atlassian.net/browse/SCRUM-55
A58: SCRUM-56 | B58: SCRUM-7 | C58: Configurar Firestore y su estructura inicial | D58: Subtask | E58: Finalizado | F58: Daniela | I58: Sprint 1 - Fundamentos | J58: 46265 | K58: 46278 | L58: 123 | M58: https://duocuc-team-auroracare.atlassian.net/browse/SCRUM-56
A59: SCRUM-57 | B59: SCRUM-76 | C59: Configurar Firebase Storage | D59: Subtask | E59: Finalizado | F59: Daniela | I59: Sprint 3 – Juegos y Métricas | J59: 46296 | K59: 46320 | L59: 124 | M59: https://duocuc-team-auroracare.atlassian.net/browse/SCRUM-57
A60: SCRUM-58 | B60: SCRUM-7 | C60: Configurar Firebase Analytics | D60: Subtask | E60: Finalizado | F60: Daniela | I60: Sprint 1 - Fundamentos | J60: 46265 | K60: 46278 | L60: 125 | M60: https://duocuc-team-auroracare.atlassian.net/browse/SCRUM-58
A61: SCRUM-59 | B61: SCRUM-7 | C61: Implementar reglas de seguridad base de Firebase | D61: Subtask | E61: Finalizado | F61: Daniela | I61: Sprint 1 - Fundamentos | J61: 46265 | K61: 46278 | L61: 126 | M61: https://duocuc-team-auroracare.atlassian.net/browse/SCRUM-59
... A77: SCRUM-75 | B77: SCRUM-9 | C77: Validar la configuración inicial de Jira | D77: Subtask | E77: Finalizado | F77: Daniela | I77: Sprint 1 - Fundamentos | J77: 46265 | K77: 46278 | L77: 142 | M77: https://duocuc-team-auroracare.atlassian.net/browse/SCRUM-75
A78: SCRUM-76 | C78: Configurar Firebase Storage | D78: Tarea | E78: Finalizado | F78: Daniela | G78: 46301 | H78: 46308 | I78: Sprint 3 – Juegos y Métricas | J78: 46296 | K78: 46320 | L78: 143 | M78: https://duocuc-team-auroracare.atlassian.net/browse/SCRUM-76
A79: SCRUM-77 | B79: SCRUM-14 | C79: Definir la arquitectura de capas de Flutter | D79: Subtask | E79: Finalizado | F79: Daniela | I79: Sprint 2 – Arquitectura y Auth | J79: 46273 | K79: 46301 | L79: 10 | M79: https://duocuc-team-auroracare.atlassian.net/browse/SCRUM-77
A80: SCRUM-78 | B80: SCRUM-14 | C80: Crear la estructura de carpetas del proyecto | D80: Subtask | E80: Finalizado | F80: Daniela | I80: Sprint 2 – Arquitectura y Auth | J80: 46273 | K80: 46301 | L80: 11 | M80: https://duocuc-team-auroracare.atlassian.net/browse/SCRUM-78
A81: SCRUM-79 | B81: SCRUM-14 | C81: Configurar modelos y entidades base | D81: Subtask | E81: Finalizado | F81: Daniela | I81: Sprint 2 – Arquitectura y Auth | J81: 46273 | K81: 46301 | L81: 12 | M81: https://duocuc-team-auroracare.atlassian.net/browse/SCRUM-79
A82: SCRUM-80 | B82: SCRUM-14 | C82: Implementar contratos de repositorio y casos de uso | D82: Subtask | E82: Finalizado | F82: Daniela | I82: Sprint 2 – Arquitectura y Auth | J82: 46273 | K82: 46301 | L82: 13 | M82: https://duocuc-team-auroracare.atlassian.net/browse/SCRUM-80
A83: SCRUM-81 | B83: SCRUM-14 | C83: Configurar inyección de dependencias | D83: Subtask | E83: Finalizado | F83: Daniela | I83: Sprint 2 – Arquitectura y Auth | J83: 46273 | K83: 46301 | L83: 14 | M83: https://duocuc-team-auroracare.atlassian.net/browse/SCRUM-81
A84: SCRUM-82 | B84: SCRUM-14 | C84: Definir la gestión de estado de la capa de presentación | D84: Subtask | E84: Finalizado | F84: Daniela | I84: Sprint 2 – Arquitectura y Auth | J84: 46273 | K84: 46301 | L84: 15 | M84: https://duocuc-team-auroracare.atlassian.net/browse/SCRUM-82
A85: SCRUM-83 | B85: SCRUM-14 | C85: Crear ejemplos o plantilla de flujo entre capas | D85: Subtask | E85: Finalizado | F85: Daniela | I85: Sprint 2 – Arquitectura y Auth | J85: 46273 | K85: 46301 | L85: 16 | M85: https://duocuc-team-auroracare.atlassian.net/browse/SCRUM-83
A86: SCRUM-84 | B86: SCRUM-14 | C86: Documentar la estructura de capas y normas de uso | D86: Subtask | E86: Finalizado | F86: Daniela | I86: Sprint 2 – Arquitectura y Auth | J86: 46273 | K86: 46301 | L86: 17 | M86: https://duocuc-team-auroracare.atlassian.net/browse/SCRUM-84
A87: SCRUM-85 | C87: Registro de Cuidador | D87: Tarea | E87: Finalizado | F87: Eduardo | H87: 46295 | I87: Sprint 2 – Arquitectura y Auth | J87: 46273 | K87: 46301 | L87: 144 | M87: https://duocuc-team-auroracare.atlassian.net/browse/SCRUM-85
A88: SCRUM-86 | B88: SCRUM-85 | C88: Diseñar la pantalla de registro de cuidador | D88: Subtask | E88: Finalizado | F88: Eduardo | I88: Sprint 2 – Arquitectura y Auth | J88: 46273 | K88: 46301 | L88: 145 | M88: https://duocuc-team-auroracare.atlassian.net/browse/SCRUM-86
A89: SCRUM-87 | B89: SCRUM-85 | C89: Diseñar la pantalla de lectura de código QR | D89: Subtask | E89: Finalizado | F89: Eduardo | I89: Sprint 2 – Arquitectura y Auth | J89: 46273 | K89: 46301 | L89: 146 | M89: https://duocuc-team-auroracare.atlassian.net/browse/SCRUM-87
A90: SCRUM-88 | B90: SCRUM-85 | C90: Diseñar la pantalla de progreso del cuidador | D90: Subtask | E90: Finalizado | F90: Eduardo | I90: Sprint 2 – Arquitectura y Auth | J90: 46273 | K90: 46301 | L90: 147 | M90: https://duocuc-team-auroracare.atlassian.net/browse/SCRUM-88
A91: SCRUM-89 | B91: SCRUM-85 | C91: Diseñar la pantalla de reporte del cuidador | D91: Subtask | E91: Finalizado | F91: Eduardo | I91: Sprint 2 – Arquitectura y Auth | J91: 46273 | K91: 46301 | L91: 148 | M91: https://duocuc-team-auroracare.atlassian.net/browse/SCRUM-89
A92: SCRUM-90 | B92: SCRUM-85 | C92: Definir componentes reutilizables para el flujo de cuidador | D92: Subtask | E92: Finalizado | F92: Eduardo | I92: Sprint 2 – Arquitectura y Auth | J92: 46273 | K92: 46301 | L92: 149 | M92: https://duocuc-team-auroracare.atlassian.net/browse/SCRUM-90
A93: SCRUM-91 | B93: SCRUM-85 | C93: Ajustar navegación y flujo entre pantallas de cuidador | D93: Subtask | E93: Finalizado | F93: Eduardo | I93: Sprint 2 – Arquitectura y Auth | J93: 46273 | K93: 46301 | L93: 150 | M93: https://duocuc-team-auroracare.atlassian.net/browse/SCRUM-91
A94: SCRUM-92 | B94: SCRUM-16 | C94: Diseñar la pantalla de bienvenida | D94: Subtask | E94: Finalizado | F94: Benjamín | I94: Sprint 2 – Arquitectura y Auth | J94: 46273 | K94: 46301 | L94: 151 | M94: https://duocuc-team-auroracare.atlassian.net/browse/SCRUM-92
A95: SCRUM-93 | B95: SCRUM-16 | C95: Implementar la pantalla de registro con email y contraseña | D95: Subtask | E95: Finalizado | F95: Benjamín | I95: Sprint 2 – Arquitectura y Auth | J95: 46273 | K95: 46301 | L95: 152 | M95: https://duocuc-team-auroracare.atlassian.net/browse/SCRUM-93
A96: SCRUM-94 | B96: SCRUM-16 | C96: Implementar la pantalla de inicio de sesión | D96: Subtask | E96: Finalizado | F96: Benjamín | I96: Sprint 2 – Arquitectura y Auth | J96: 46273 | K96: 46301 | L96: 153 | M96: https://duocuc-team-auroracare.atlassian.net/browse/SCRUM-94
A97: SCRUM-95 | B97: SCRUM-16 | C97: Implementar la recuperación de contraseña | D97: Subtask | E97: Finalizado | F97: Benjamín | I97: Sprint 2 – Arquitectura y Auth | J97: 46273 | K97: 46301 | L97: 154 | M97: https://duocuc-team-auroracare.atlassian.net/browse/SCRUM-95
A98: SCRUM-96 | B98: SCRUM-17 | C98: Maquetar pantalla visual del disclaimer médico | D98: Subtask | E98: Finalizado | F98: Benjamín | I98: Sprint 2 – Arquitectura y Auth | J98: 46273 | K98: 46301 | L98: 46 | M98: https://duocuc-team-auroracare.atlassian.net/browse/SCRUM-96
A99: SCRUM-97 | B99: SCRUM-17 | C99: Implementar bloqueo de acceso sin aceptación | D99: Subtask | E99: Finalizado | F99: Benjamín | I99: Sprint 2 – Arquitectura y Auth | J99: 46273 | K99: 46301 | L99: 47 | M99: https://duocuc-team-auroracare.atlassian.net/browse/SCRUM-97
... A118: SCRUM-123 | B118: SCRUM-18 | C118: Persistir el modo seleccionado en Firestore | D118: Subtask | E118: Finalizado | F118: Daniela | I118: Sprint 2 – Arquitectura y Auth | J118: 46273 | K118: 46301 | L118: 54 | M118: https://duocuc-team-auroracare.atlassian.net/browse/SCRUM-123
A119: SCRUM-124 | C119: Desbloqueo de Tareas de Programación | D119: Tarea | E119: Finalizado | F119: Daniela | H119: 46299 | I119: Sprint 2 – Arquitectura y Auth | J119: 46273 | K119: 46301 | L119: 164 | M119: https://duocuc-team-auroracare.atlassian.net/browse/SCRUM-124
A120: SCRUM-125 | B120: SCRUM-124 | C120: Identificar tareas de programación bloqueadas | D120: Subtask | E120: Finalizado | F120: Daniela | I120: Sprint 2 – Arquitectura y Auth | J120: 46273 | K120: 46301 | L120: 165 | M120: https://duocuc-team-auroracare.atlassian.net/browse/SCRUM-125
A121: SCRUM-126 | B121: SCRUM-124 | C121: Analizar dependencias y causas de bloqueo | D121: Subtask | E121: Finalizado | F121: Daniela | I121: Sprint 2 – Arquitectura y Auth | J121: 46273 | K121: 46301 | L121: 166 | M121: https://duocuc-team-auroracare.atlassian.net/browse/SCRUM-126
A122: SCRUM-127 | B122: SCRUM-124 | C122: Resolver impedimentos de las tareas bloqueadas | D122: Subtask | E122: Finalizado | F122: Daniela | I122: Sprint 2 – Arquitectura y Auth | J122: 46273 | K122: 46301 | L122: 167 | M122: https://duocuc-team-auroracare.atlassian.net/browse/SCRUM-127
A123: SCRUM-128 | B123: SCRUM-124 | C123: Comunicar el estado de desbloqueo al equipo | D123: Subtask | E123: Finalizado | F123: Daniela | I123: Sprint 2 – Arquitectura y Auth | J123: 46273 | K123: 46301 | L123: 168 | M123: https://duocuc-team-auroracare.atlassian.net/browse/SCRUM-128
A124: SCRUM-129 | C124: Prototipo Figma - Flujos Completos 1-4 | D124: Tarea | E124: Finalizado | F124: Benjamín | H124: 46301 | I124: Sprint 2 – Arquitectura y Auth | J124: 46273 | K124: 46301 | L124: 169 | M124: https://duocuc-team-auroracare.atlassian.net/browse/SCRUM-129
A125: SCRUM-130 | C125: Prototipo Figma - Flujos Completos 5 - 8 | D125: Tarea | E125: Finalizado | F125: Eduardo | H125: 46301 | I125: Sprint 2 – Arquitectura y Auth | J125: 46273 | K125: 46301 | L125: 170 | M125: https://duocuc-team-auroracare.atlassian.net/browse/SCRUM-130
A126: SCRUM-131 | B126: SCRUM-129 | C126: Diseñar el flujo completo 2 en Figma | D126: Subtask | E126: Finalizado | F126: Benjamín | I126: Sprint 2 – Arquitectura y Auth | J126: 46273 | K126: 46301 | L126: 171 | M126: https://duocuc-team-auroracare.atlassian.net/browse/SCRUM-131
A127: SCRUM-132 | B127: SCRUM-129 | C127: Diseñar el flujo completo 4 en Figma | D127: Subtask | E127: Finalizado | F127: Benjamín | I127: Sprint 2 – Arquitectura y Auth | J127: 46273 | K127: 46301 | L127: 172 | M127: https://duocuc-team-auroracare.atlassian.net/browse/SCRUM-132
A128: SCRUM-133 | B128: SCRUM-129 | C128: Definir la estructura y navegación base del prototipo en Figma | D128: Subtask | E128: Finalizado | F128: Benjamín | I128: Sprint 2 – Arquitectura y Auth | J128: 46273 | K128: 46301 | L128: 173 | M128: https://duocuc-team-auroracare.atlassian.net/browse/SCRUM-133
A129: SCRUM-134 | B129: SCRUM-129 | C129: Diseñar el flujo completo 1 en Figma | D129: Subtask | E129: Finalizado | F129: Benjamín | I129: Sprint 2 – Arquitectura y Auth | J129: 46273 | K129: 46301 | L129: 174 | M129: https://duocuc-team-auroracare.atlassian.net/browse/SCRUM-134
A130: SCRUM-135 | B130: SCRUM-129 | C130: Diseñar el flujo completo 3 en Figma | D130: Subtask | E130: Finalizado | F130: Benjamín | I130: Sprint 2 – Arquitectura y Auth | J130: 46273 | K130: 46301 | L130: 175 | M130: https://duocuc-team-auroracare.atlassian.net/browse/SCRUM-135
A131: SCRUM-136 | B131: SCRUM-129 | C131: Revisar consistencia visual y de componentes entre los flujos 1-4 | D131: Subtask | E131: Finalizado | F131: Benjamín | I131: Sprint 2 – Arquitectura y Auth | J131: 46273 | K131: 46301 | L131: 176 | M131: https://duocuc-team-auroracare.atlassian.net/browse/SCRUM-136
A132: SCRUM-137 | B132: SCRUM-129 | C132: Configurar interacciones y prototipado clicable de todos los flujos | D132: Subtask | E132: Finalizado | F132: Benjamín | I132: Sprint 2 – Arquitectura y Auth | J132: 46273 | K132: 46301 | L132: 177 | M132: https://duocuc-team-auroracare.atlassian.net/browse/SCRUM-137
A133: SCRUM-138 | B133: SCRUM-129 | C133: Preparar revisión final y ajustes del prototipo | D133: Subtask | E133: Finalizado | F133: Benjamín | I133: Sprint 2 – Arquitectura y Auth | J133: 46273 | K133: 46301 | L133: 178 | M133: https://duocuc-team-auroracare.atlassian.net/browse/SCRUM-138
A134: SCRUM-139 | C134: Paso a Producción – Merge Develop -> Main | D134: Tarea | E134: Finalizado | F134: Daniela | I134: Sprint 2 – Arquitectura y Auth | J134: 46273 | K134: 46301 | L134: 179 | M134: https://duocuc-team-auroracare.atlassian.net/browse/SCRUM-139
A135: SCRUM-140 | B135: SCRUM-21 | C135: Implementar la lógica de volteo y emparejamiento de cartas | D135: Subtask | E135: Pendiente | F135: Benjamín | I135: Sprint 3 – Juegos y Métricas | J135: 46296 | K135: 46320 | L135: 180 | M135: https://duocuc-team-auroracare.atlassian.net/browse/SCRUM-140
A136: SCRUM-141 | B136: SCRUM-21 | C136: Gestionar estados de fin de partida | D136: Subtask | E136: Pendiente | F136: Benjamín | I136: Sprint 3 – Juegos y Métricas | J136: 46296 | K136: 46320 | L136: 181 | M136: https://duocuc-team-auroracare.atlassian.net/browse/SCRUM-141
A137: SCRUM-142 | B137: SCRUM-21 | C137: Agregar barajado aleatorio y reinicio de partida | D137: Subtask | E137: Pendiente | F137: Benjamín | I137: Sprint 3 – Juegos y Métricas | J137: 46296 | K137: 46320 | L137: 182 | M137: https://duocuc-team-auroracare.atlassian.net/browse/SCRUM-142
A138: SCRUM-143 | B138: SCRUM-21 | C138: Incorporar sistema de puntuación o contador de intentos | D138: Subtask | E138: Pendiente | F138: Benjamín | I138: Sprint 3 – Juegos y Métricas | J138: 46296 | K138: 46320 | L138: 183 | M138: https://duocuc-team-auroracare.atlassian.net/browse/SCRUM-143
A139: SCRUM-144 | B139: SCRUM-21 | C139: Diseñar la pantalla del juego de memoria | D139: Subtask | E139: Pendiente | F139: Benjamín | I139: Sprint 3 – Juegos y Métricas | J139: 46296 | K139: 46320 | L139: 184 | M139: https://duocuc-team-auroracare.atlassian.net/browse/SCRUM-144
A140: SCRUM-145 | B140: SCRUM-21 | C140: Validar interacción y bloqueo temporal de cartas | D140: Subtask | E140: Pendiente | F140: Benjamín | I140: Sprint 3 – Juegos y Métricas | J140: 46296 | K140: 46320 | L140: 185 | M140: https://duocuc-team-auroracare.atlassian.net/browse/SCRUM-145
...
